obs_rms_mean,param_noise_stddev,rollout/episode_steps,rollout/actions_mean,reference_perturbed_action_mean,rollout/episodes,reference_Q_std,train/loss_actor,total/epochs,rollout/actions_std,reference_action_mean,train/param_noise_distance,rollout/return,reference_action_std,reference_actor_Q_mean,total/steps_per_second,reference_actor_Q_std,train/loss_critic,reference_perturbed_action_std,total/duration,reference_Q_mean,total/episodes,rollout/Q_mean,obs_rms_std,rollout/return_history,total/steps
0.15521389246,0.2,1137.45,-0.193329234337,0.116884835064,20.0,2956.37255859,-3325.89146973,1,0.811544010029,0.124815642834,,27150.0652682,0.954437434673,3919.2890625,212.111385935,2947.62573242,18401.244834,0.935769975185,107.250253916,3893.95117188,20.0,3337.07071953,0.170949935913,27150.0652682,22749
0.155131578445,0.2,995.225,-0.239156328816,-0.116194143891,40.0,2953.80151367,-3630.75431641,2,0.769508955585,0.0728168413043,,26676.5346048,0.951371073723,4061.1640625,200.040780335,2952.82348633,23240.7076367,0.942866683006,199.004422665,4040.00708008,40.0,3592.24955212,0.171018600464,26676.5346048,39809
0.154961824417,0.2,1014.81666667,-0.151417241958,0.0888857170939,60.0,2967.15161133,-3930.42806152,3,0.760087233868,0.225619241595,,25408.2779589,0.907685279846,4100.31884766,202.172848677,2965.55834961,25689.64875,0.949334442616,301.172983408,4080.83154297,60.0,3779.07400014,0.171039626002,25408.2779589,60889
0.154952034354,0.121607764938,932.4875,-0.109593685804,0.0471816733479,80.0,2962.64404297,-4009.88609375,4,0.758377291996,0.167577058077,,24314.3410451,0.915064036846,4098.36474609,195.02814586,2960.88574219,19031.5880566,0.926421225071,382.503764629,4080.64306641,80.0,3939.83228458,0.171079456806,24314.3410451,74599
0.155003681779,0.121607764938,856.31,-0.09327904464,0.108687534928,100.0,2954.73608398,-4282.74393555,5,0.743977936105,0.147815734148,,23047.6849336,0.910562098026,4091.25024414,188.201718009,2952.45092773,23744.0570312,0.933924853802,454.99584651,4070.75195312,100.0,4118.90579169,0.171096354723,23047.6849336,85631
0.155060455203,0.121607764938,809.258333333,-0.0690735145115,0.0636057853699,120.0,2888.79907227,-4321.73996582,6,0.719591778553,0.111507482827,,22192.0471,0.914671361446,4119.04296875,183.283757856,2883.97729492,20946.8866113,0.943737745285,529.839638472,4102.15917969,120.0,4222.78434764,0.171160548925,21200.4434664,97111
0.155131325126,0.0769445940183,785.685714286,-0.0388145807044,0.227258682251,140.0,2847.70654297,-4396.9622998,7,0.707119105777,0.115725710988,,22780.2232438,0.912722051144,4116.953125,180.893654935,2841.78881836,24707.1413477,0.901621699333,608.069973707,4098.05419922,140.0,4358.16498429,0.171213239431,21221.6986995,109996
0.155210018158,0.0618169949515,773.74375,-0.0374714880766,0.0533962249756,160.0,2825.56567383,-4400.41069336,8,0.694573809598,0.138529732823,,24495.4950907,0.930946528912,4092.27246094,179.333200321,2822.78198242,22761.3153125,0.927911400795,690.329508305,4074.77294922,160.0,4487.61403576,0.171241462231,23947.8253699,123799
0.155232459307,0.0618169949515,772.138888889,-0.0470188676362,0.184307053685,180.0,2832.30249023,-4530.68190918,9,0.683471624811,0.0454803183675,,25792.9697764,0.935479998589,4075.36206055,179.19263067,2828.8996582,31506.0598438,0.892590343952,775.617833614,4059.48095703,180.0,4542.7940639,0.171297311783,26975.8727614,138985
0.155119806528,0.0618169949515,789.885,-0.0557784500902,0.009231897071,200.0,2840.60400391,-4497.45714844,10,0.678270841069,0.0392974242568,,26760.2817231,0.935512363911,4065.62695312,180.987463539,2840.35498047,19004.0263086,0.93263810873,872.861561298,4049.46020508,200.0,4458.81581687,0.171377494931,30472.8785127,157977
0.15504181385,0.0618169949515,806.845454545,-0.0378602956142,0.124911114573,220.0,2872.01660156,-4443.33022949,11,0.680539983638,0.0437032580376,,27647.2633517,0.935433447361,4081.75927734,182.931922291,2868.73486328,16661.1463086,0.922164559364,970.339117289,4062.24316406,220.0,4410.6594794,0.171454042196,34193.5228536,177506
0.155169159174,0.0496635392466,791.529166667,-0.0299982682064,0.0918232873082,240.0,2861.61450195,-4601.72939453,12,0.668011431043,0.118620425463,,28431.484748,0.928735494614,4051.96704102,181.070873971,2859.25488281,17719.2855176,0.946435570717,1049.13062954,4040.61816406,240.0,4529.09046844,0.171461433172,36343.2508539,189967
0.155179098248,0.0496635392466,794.173076923,-0.0302595074554,0.0299114584923,260.0,2881.9519043,-4636.69003418,13,0.661696213473,0.143173635006,,29442.6299808,0.926628351212,4073.84448242,181.221077955,2878.69287109,13942.3286426,0.93316590786,1139.40940166,4056.8828125,260.0,4567.37065738,0.171504497528,37358.045805,206485
0.155202418566,0.048684971323,796.110714286,-0.0319994883499,0.0654672682285,280.0,2911.77954102,-4633.21645996,14,0.657560701247,0.0682817399502,,30374.9187609,0.935285627842,4112.79101562,180.898180892,2908.09375,15962.5174023,0.942843019962,1232.24566936,4094.19335938,280.0,4606.25221455,0.171534836292,38622.4269329,222911
0.155343860388,0.048684971323,785.233333333,-0.025811332316,0.212239220738,300.0,2917.64453125,-4784.25793457,15,0.648803866923,0.120852440596,,31011.0682676,0.932241201401,4120.19140625,179.284102175,2914.9921875,16321.7913965,0.921381890774,1313.94806981,4102.02783203,300.0,4703.82159804,0.171541035175,39512.6413567,235570
0.155442625284,0.048684971323,780.828125,-0.0250143203748,0.0587460696697,320.0,2928.98144531,-4924.3619043,16,0.64309691671,0.123776227236,,31717.694189,0.922641515732,4177.93457031,178.653762542,2923.07788086,15126.3714258,0.930817365646,1398.59914756,4158.25,320.0,4773.17121871,0.171549662948,40672.6420312,249865
0.155595213175,0.0449597542038,771.220588235,-0.0203592030308,0.103077329695,340.0,2882.94970703,-4906.85629395,17,0.634240456092,0.12649743259,,32249.5993877,0.924490988255,4214.73046875,177.202559214,2878.22143555,16107.650376,0.902130901814,1479.74725175,4195.00634766,340.0,4856.17686231,0.171570241451,41413.0745231,262215
0.155666515231,0.048684971323,767.85,-0.0224934025671,0.041398640722,360.0,2905.03173828,-4929.1861377,18,0.630148597294,0.0906969085336,,32585.4291881,0.922058403492,4216.17480469,176.764161745,2901.46606445,13316.7039307,0.929763019085,1563.81246781,4204.37890625,360.0,4893.79229421,0.171608090401,40756.707127,276426
0.155798748136,0.0467853005131,761.821052632,-0.0194732175329,0.0916089564562,380.0,2924.18701172,-5060.84982422,19,0.624517636025,0.203479796648,,33142.2225271,0.911174535751,4233.49658203,176.149815431,2920.82446289,21428.1700293,0.944715380669,1643.44197178,4212.66503906,380.0,4961.65884748,0.171598553658,40890.6730725,289492
0.155925676227,0.0467853005131,756.6625,-0.0147770025224,0.344264686108,400.0,2932.34008789,-5129.47557617,20,0.620057317684,0.309182971716,,33565.7056331,0.876505732536,4222.43408203,175.630225376,2927.29711914,16246.3181055,0.866685032845,1723.30815697,4202.16503906,400.0,5023.83131532,0.171589106321,41229.6177295,302665
0.155964851379,0.048684971323,758.726190476,-0.00946250249458,0.240669369698,420.0,2934.25585938,-5133.03699219,21,0.618244424153,0.278500050306,,33971.2252242,0.890678584576,4158.83251953,175.891865206,2937.32568359,17922.6114258,0.890454173088,1811.70970941,4152.65234375,420.0,5034.95415728,0.171606749296,41182.5245368,318665
0.155954390764,0.048684971323,762.754545455,-0.0117583382151,0.290885776281,440.0,2932.87475586,-5026.4590625,22,0.618510916868,0.29248291254,,34182.1234229,0.886349797249,4204.09667969,176.335354841,2933.30224609,16067.5814941,0.875611722469,1903.2598443,4193.78369141,440.0,5020.01609139,0.17168995738,40752.7051425,335612
0.155993402004,0.048684971323,765.447826087,0.000422116223578,0.236917763948,460.0,2925.76342773,-5070.71645996,23,0.617496044785,0.218990147114,,34372.5564878,0.908135294914,4253.37939453,176.492006901,2925.74511719,19029.5683447,0.903960585594,1995.02519226,4243.71679688,460.0,5014.62092386,0.171752944589,40806.2147665,352106
0.15601041913,0.048684971323,769.608333333,0.0123887535845,0.215947449207,480.0,2940.90576172,-5054.99397461,24,0.618049361564,0.215405598283,,34649.608833,0.904512286186,4266.87548828,176.632151688,2937.42431641,13145.9232715,0.913706421852,2091.41991687,4252.0859375,480.0,5007.9668106,0.171802014112,40377.6767955,369412
0.156137943268,0.0506617763854,765.15,0.0138334145493,0.152762681246,500.0,2889.81811523,-5255.78420898,25,0.6147190614,0.238748937845,,34936.5556462,0.90119343996,4329.12255859,176.203248045,2885.19750977,19232.6725781,0.938875198364,2171.21423268,4306.99121094,500.0,5056.68887566,0.171789765358,40419.9556983,382575
0.15625885129,0.0506617763854,760.711538462,0.0155287980069,0.171270981431,520.0,2896.02539062,-5219.91591797,26,0.611579674261,0.150995910168,,35146.5797552,0.925967752934,4334.22802734,175.737357041,2893.45922852,13680.6570703,0.906998336315,2250.91583633,4317.01953125,520.0,5100.70855363,0.17178593576,40083.0687857,395570
0.156331419945,0.0506617763854,759.825925926,0.019941030977,0.318664073944,540.0,2900.61279297,-5225.56754883,27,0.609511660952,0.29456615448,,35373.6136341,0.882152020931,4339.734375,175.657672033,2896.4777832,14513.1797656,0.88379740715,2335.8273809,4319.96972656,540.0,5125.20299653,0.171787530184,40616.1705633,410306
0.156401470304,0.0506617763854,757.917857143,0.018917985713,0.153436779976,560.0,2884.55566406,-5224.54835937,28,0.609205032035,0.179618492723,,35502.8569703,0.916815459728,4373.43164062,175.437594099,2882.30908203,14051.3579492,0.939948797226,2419.28762293,4354.27441406,560.0,5146.83076537,0.17179197073,40702.2391902,424434
0.156526386738,0.0506617763854,754.082758621,0.0203607073891,0.149113878608,580.0,2902.93945312,-5189.46983398,29,0.605575935859,0.115849077702,,35727.6526257,0.934928059578,4351.86816406,174.895694641,2903.10766602,15076.9344092,0.923330247402,2500.73622966,4335.05566406,580.0,5186.99973269,0.171789944172,40902.2628307,437368
0.156644448638,0.0506617763854,751.268333333,0.0213531719425,0.125399544835,600.0,2906.98266602,-5423.67832031,30,0.603250776929,0.129459708929,,35962.8052355,0.917978703976,4378.24707031,174.527504482,2909.29980469,14562.0714551,0.918967664242,2582.75050306,4365.08642578,600.0,5224.51265383,0.171768754721,41094.0531825,450761
0.156774103642,0.048684971323,748.65,0.021918779404,0.145125359297,620.0,2939.35864258,-5292.92701172,31,0.600577205026,0.0971097350121,,36166.4085504,0.929497480392,4389.72460938,174.241371484,2937.03686523,15966.8688086,0.931646168232,2663.90809512,4370.77734375,620.0,5260.32249485,0.17175963521,41469.5182851,464163
0.156897902489,0.048684971323,745.8890625,0.0230776638249,0.108923710883,640.0,2941.60327148,-5422.50891602,32,0.598625085503,0.22219158709,,36303.9978746,0.912766218185,4363.84863281,173.921854234,2933.72216797,14701.1853711,0.942278146744,2744.73269677,4334.99707031,640.0,5292.33788532,0.1717479527,41328.0727736,477369
0.157021865249,0.048684971323,743.165151515,0.0238876821642,0.158497974277,660.0,2911.48754883,-5463.35685547,33,0.595974108665,0.111502863467,,36469.4954834,0.927192151546,4371.42480469,173.629514512,2911.46142578,18276.2480957,0.926148116589,2824.91718864,4359.98144531,660.0,5324.1126286,0.171733766794,41882.6711563,490489
0.157142683864,0.048684971323,740.523529412,0.0245756024292,0.143689990044,680.0,2889.34619141,-5436.2250293,34,0.594122444305,0.120536796749,,36556.3412724,0.931965887547,4433.55664062,173.165034861,2884.12744141,25550.3093555,0.940389871597,2907.95425534,4412.57421875,680.0,5352.40801505,0.171725869179,41362.7354232,503556
0.157273426652,0.055962119108,737.648571429,0.0257871092145,0.135080754757,700.0,2894.31030273,-5432.72513672,35,0.591629791035,0.113056071103,,36660.4399459,0.936369895935,4432.60253906,172.884448933,2886.14770508,15875.7990527,0.916805624962,2986.7000947,4407.09472656,700.0,5379.92041244,0.171734362841,40846.248208,516354
0.157398790121,0.055962119108,735.145833333,0.0267054280591,0.222141593695,720.0,2898.58056641,-5610.34920898,36,0.589018975954,0.163905739784,,36749.3612488,0.922867774963,4419.22949219,172.524964147,2894.65454102,15765.9279443,0.93009185791,3067.99078393,4403.00732422,720.0,5405.98426245,0.17173370719,40363.6679787,529305
0.157523736358,0.0496635392466,732.993243243,0.0279528445937,0.192694753408,740.0,2864.38769531,-5510.66381836,37,0.587009720049,0.166470974684,,36828.1656792,0.918801784515,4442.53222656,172.137775077,2853.31835938,15321.1734668,0.918592631817,3151.05153275,4417.68505859,740.0,5429.42496705,0.171733319759,40182.839628,542415
0.157646104693,0.0496635392466,731.475,0.0290679881748,0.172592237592,760.0,2787.56640625,-5544.70873047,38,0.585356590215,0.110731206834,,36977.2920836,0.94008243084,4478.8125,171.96076785,2784.31762695,15682.4894287,0.938803970814,3232.83622742,4460.43896484,760.0,5453.78786632,0.17173025012,40328.749645,555921
0.157756775618,0.0496635392466,729.833333333,0.030162845316,0.0949950814247,780.0,2790.11987305,-5593.27436523,39,0.584123269893,0.059428293258,,37107.0377044,0.945889770985,4469.77246094,171.808526182,2794.54589844,12667.9731348,0.933655977249,3313.39784265,4454.87597656,780.0,5477.16471317,0.171718657017,40851.7734423,569270
0.157863348722,0.0496635392466,728.4625,0.0308399678856,0.0659794509411,800.0,2811.36254883,-5510.77056641,40,0.582971249643,0.0584909580648,,37222.5583199,0.939052760601,4478.60253906,171.597573779,2809.26342773,13112.6457959,0.944429397583,3396.14358854,4461.8046875,800.0,5498.17784727,0.171701177955,41157.3869378,582770
0.157979905605,0.0496635392466,726.990243902,0.031393209976,0.111309058964,820.0,2815.49169922,-5699.24131836,41,0.581112280473,0.14829851687,,37348.7792876,0.925734221935,4507.03369141,171.26774943,2813.52197266,15876.971582,0.93199890852,3480.70201182,4487.29833984,820.0,5519.90947945,0.171687662601,41664.5891669,596132
0.158104360104,0.0496635392466,725.544047619,0.031970580837,0.163767054677,840.0,2813.02172852,-5664.35466797,42,0.579294595685,0.0965722203255,,37429.2963974,0.932558655739,4513.97998047,171.11767467,2808.96875,14985.1834619,0.921573758125,3561.62506986,4492.34375,840.0,5539.74307571,0.171675562859,41877.6637124,609457
0.158220231533,0.0496635392466,723.760465116,0.032310968785,0.0893551558256,860.0,2775.48339844,-5606.96874023,43,0.577041246256,0.0515383481979,,37537.960235,0.927080512047,4492.91308594,170.930350434,2776.90112305,11937.9630029,0.928588271141,3641.44810104,4482.6015625,860.0,5561.99665422,0.171661108732,41799.0381854,622434
0.158339381218,0.0496635392466,721.473863636,0.0324379372297,0.107312634587,880.0,2776.00195312,-5660.76470703,44,0.574268304177,0.00617231382057,,37610.262513,0.927491366863,4462.82226562,170.707366588,2775.43798828,11974.7222949,0.928158164024,3719.21266603,4449.54589844,880.0,5583.6997842,0.171664178371,41535.4160202,634897
0.158452808857,0.0496635392466,719.566666667,0.0318427372136,-0.0329087600112,900.0,2779.06616211,-5690.42178711,45,0.572167579728,-0.0667298212647,,37687.922444,0.925879895687,4405.12646484,170.437964729,2780.71020508,10402.8490576,0.916757166386,3799.68160868,4396.36425781,900.0,5602.95857482,0.171657919884,41410.8354372,647610
0.158564135432,0.0496635392466,717.688043478,0.0316479914661,-0.0282185487449,920.0,2764.05419922,-5657.72292969,46,0.571025733158,-0.0292417686433,,37706.264296,0.934158802032,4440.80664062,170.190670999,2764.48779297,10312.4808789,0.931469380856,3879.60747862,4431.48242188,920.0,5618.87944069,0.171651393175,40637.6413657,660273
0.158673942089,0.0496635392466,716.257446809,0.0319621168986,-0.12851575017,940.0,2758.30249023,-5747.61606445,47,0.570180723126,-0.0652956143022,,37785.8282236,0.932857990265,4450.75488281,170.028965862,2762.23876953,10995.4178296,0.926781177521,3959.80765152,4440.59863281,940.0,5636.71077294,0.171636790037,40780.6955638,673282
0.158792942762,0.0449597542038,715.0375,0.0322273316631,0.0387559235096,960.0,2780.89428711,-5675.97275391,48,0.568859076479,0.00700064375997,,37920.6144873,0.934418916702,4385.46289062,169.872978579,2781.17700195,11144.2949658,0.932582616806,4040.87810636,4375.47070312,960.0,5653.66344145,0.171630099416,41211.4410574,686436
0.158900216222,0.0449597542038,714.032653061,0.0324665742415,-0.0672019124031,980.0,2767.6237793,-5636.8325,49,0.56772151259,0.0370670370758,,38048.7026848,0.936970353127,4390.22460938,169.792023618,2768.02758789,12384.5374756,0.944367408752,4121.23010898,4380.71826172,980.0,5669.83359981,0.171614170074,41906.9761966,699752
0.158997178078,0.0467853005131,713.368,0.0332408113092,0.0467674508691,1000.0,2770.60400391,-5684.7734082,50,0.567924277585,0.00592184811831,,38150.7135871,0.941532790661,4451.04394531,169.740737536,2765.21533203,9571.65279297,0.931149423122,4202.69176602,4429.51220703,1000.0,5683.84941631,0.171597465873,42315.8338747,713368
0.159106075764,0.0527188476604,712.141176471,0.0337257427635,-0.0422302186489,1020.0,2758.15087891,-5713.63630859,51,0.566856084276,-0.00686077028513,,38214.4466209,0.931154370308,4461.42480469,169.540688887,2750.50366211,14076.2089648,0.938296437263,4284.42284131,4437.03515625,1020.0,5697.94948446,0.171590685844,42889.7240097,726384
0.159125268459,0.0527188476604,713.322115385,0.0340221405303,-0.00565687334165,1040.0,2764.4777832,-5782.08209961,52,0.567109612453,-0.0198582224548,,38229.0497562,0.933451771736,4540.63671875,169.631478227,2758.43579102,12321.2226172,0.927138090134,4373.33334446,4517.51757812,1040.0,5691.25504833,0.171611770988,42395.3321628,741855
0.159240871668,0.0527188476604,711.862264151,0.0340483233463,-0.0779769718647,1060.0,2735.60693359,-5756.54599609,53,0.565641512138,-0.0475156195462,,38264.5177652,0.934461891651,4595.51367188,169.46611461,2730.8737793,12859.9942529,0.923361182213,4452.65415883,4572.30664062,1060.0,5705.46376078,0.171610638499,41565.9892331,754574
0.159175291657,0.0467853005131,717.119444444,0.0304413004714,-0.0681250393391,1080.0,2752.99389648,-5760.38423828,54,0.570138084705,-0.0224170610309,,38325.2383864,0.940344512463,4604.66357422,170.017983754,2750.40527344,12410.0173096,0.947346925735,4555.33575273,4586.57568359,1080.0,5678.19535478,0.171617478132,41035.2882621,774489
0.159122541547,0.0467853005131,721.26,0.0243846868997,-0.0397020913661,1100.0,2705.65844727,-5615.7037793,55,0.574191771065,-0.0271573364735,,38406.4455582,0.936912596226,4662.60449219,170.455046122,2702.66015625,13728.9902393,0.931867063046,4654.51752853,4642.07128906,1100.0,5660.07845892,0.17164029181,40963.7652696,793386
0.159135714173,0.0467853005131,723.541071429,0.021242477987,0.0426227450371,1120.0,2705.93408203,-5785.08480469,56,0.57621735964,-0.0821572989225,,38454.5028132,0.941718757153,4660.43261719,170.652568072,2703.07617188,11651.2197607,0.92394220829,4748.63056064,4633.22265625,1120.0,5655.62267549,0.171632885933,40903.0759746,810366
0.159119442105,0.0449597542038,726.360526316,0.0169306130139,-0.0192695856094,1140.0,2705.6340332,-5702.76920898,57,0.578794264502,0.0264984592795,,38546.8933435,0.945035636425,4598.47509766,170.988825699,2702.96533203,10357.112832,0.939147889614,4842.71996498,4588.58349609,1140.0,5645.04009614,0.171623378992,41852.4666516,828051
0.159086018801,0.0449597542038,728.785344828,0.012892520159,-0.0817201882601,1160.0,2669.81958008,-5834.78955078,58,0.580816796116,-0.0562820956111,,38618.691918,0.93230599165,4608.81103516,171.249300588,2665.38842773,12911.5412842,0.943716406822,4936.60994291,4591.48095703,1160.0,5635.52421822,0.171667382121,42372.9379376,845391
0.159024715424,0.0449597542038,732.183898305,0.0081576150264,-0.0689941570163,1180.0,2687.37084961,-5657.37808594,59,0.583085941107,-0.00680058915168,,38710.4011807,0.926970362663,4547.28222656,171.613424738,2687.27490234,15035.2709082,0.923657178879,5034.43714452,4540.62890625,1180.0,5620.91617866,0.17171177268,42870.1593582,863977
0.159083351493,0.0449597542038,732.145833333,0.00742574494489,-0.111832775176,1200.0,2719.46069336,-5675.87511719,60,0.583249600968,-0.00984803400934,,38757.9526396,0.936673462391,4484.24609375,171.546114034,2718.84130859,15282.875127,0.936261057854,5121.50919271,4476.88183594,1200.0,5627.11171386,0.171704351902,42624.5305341,878575
0.159068107605,0.0449597542038,733.773770492,0.00497349656231,-0.0695110559464,1220.0,2740.92700195,-5614.36961914,61,0.58618620537,-0.0313295423985,,38771.3084965,0.948391675949,4468.74853516,171.779017418,2739.296875,13839.1206787,0.950172483921,5211.36989522,4452.94433594,1220.0,5622.2277362,0.171698510647,42319.5321499,895204
0.159077346325,0.0449597542038,734.686290323,0.00364340720637,-0.0012578163296,1240.0,2755.75683594,-5720.45652344,62,0.587928648152,-0.0110364258289,,38780.2974837,0.951036393642,4427.43798828,171.908251622,2754.36987305,10911.9592725,0.948100626469,5299.40239286,4415.46972656,1240.0,5619.04295101,0.171696349978,41441.1046819,911011
0.159170776606,0.0449597542038,733.958730159,0.00443365737176,-0.114294268191,1260.0,2743.79663086,-5528.27401367,63,0.587534372961,-0.0397322513163,,38821.5619518,0.936708331108,4405.37988281,171.835498971,2741.57177734,11012.4837549,0.935328781605,5381.82159996,4394.22363281,1260.0,5630.08631932,0.171667054296,41174.8543439,924788
0.15923987329,0.0449597542038,733.84296875,0.00367815455891,-0.0424117222428,1280.0,2757.84960938,-5617.60228516,64,0.587374769172,-0.0693815052509,,38868.4461534,0.941530287266,4399.48339844,171.863706146,2754.65063477,13115.9666016,0.93164986372,5465.48786283,4384.30175781,1280.0,5634.0001927,0.171665668488,40733.3768316,939319
0.159339994192,0.0496635392466,733.244615385,0.00424220853482,0.015038702637,1300.0,2741.14306641,-5690.33513672,65,0.587664187709,-0.0468644723296,,38914.5877812,0.945849299431,4429.19970703,171.806400091,2739.38085938,10952.5495093,0.952985525131,5548.21007538,4416.21191406,1300.0,5643.98053864,0.171638578176,40794.2094803,953218
0.159409254789,0.0496635392466,733.240151515,0.00382619616535,-0.0527594685555,1320.0,2743.34350586,-5618.0087793,66,0.587765613577,-0.0564010217786,,38968.761413,0.94005638361,4409.42724609,171.799316301,2741.3046875,12488.7479346,0.941947162151,5633.76514435,4395.10742188,1320.0,5649.39571461,0.171640262008,41377.6869941,967877
0.159476831555,0.0496635392466,733.536567164,0.00354054245827,-0.123972639441,1340.0,2739.32397461,-5681.0246582,67,0.587955158481,-0.0937966704369,,39013.4317,0.940971076488,4452.3046875,171.843265458,2735.72924805,16895.66771,0.945138692856,5719.97393894,4434.92529297,1340.0,5653.48875386,0.171628981829,41904.2959817,982939
0.159570559859,0.0496635392466,732.532352941,0.00442498779287,-0.08719804883,1360.0,2743.7746582,-5624.20833984,68,0.587310422228,-0.100637793541,,39044.1743152,0.942877411842,4408.64355469,171.71759568,2743.80419922,13685.8960449,0.948891580105,5801.64191127,4395.03417969,1360.0,5663.28401383,0.17161154747,41849.090094,996244
0.159670263529,0.0496635392466,731.637681159,0.00550929175188,-0.0458318330348,1380.0,2766.58276367,-5653.20508789,69,0.586752013928,-0.0761926844716,,39090.8517537,0.931514263153,4347.49707031,171.639960245,2767.88574219,11869.1018701,0.936389744282,5882.42970085,4335.23046875,1380.0,5673.18985885,0.171596318483,41937.6434383,1009660
0.159768924117,0.0496635392466,730.675,0.00629439231519,-0.154040575027,1400.0,2777.96948242,-5732.96142578,70,0.585617869755,-0.0339534766972,,39128.4959845,0.93316847086,4354.14160156,171.531143953,2777.81201172,13259.019375,0.931119918823,5963.61090136,4343.13427734,1400.0,5682.85414733,0.171585962176,41909.3026276,1022945
0.159871920943,0.0496635392466,729.700704225,0.00736511601262,-0.0450855456293,1420.0,2784.72680664,-5772.21073242,71,0.585022431162,-0.0868856906891,,39151.7655006,0.935232698917,4349.19091797,171.374779881,2786.24121094,13424.5360986,0.935615539551,6046.25138378,4336.79589844,1420.0,5692.0767042,0.171585530043,41567.4194568,1036175
0.159933596849,0.0506617763854,729.6,0.00730507874125,0.0144542660564,1440.0,2801.90478516,-5790.73189453,72,0.584956214756,-0.0886569172144,,39166.5039205,0.937427341938,4306.79882812,171.352019286,2803.34790039,10626.3781738,0.931551992893,6131.37799239,4298.15234375,1440.0,5694.66900991,0.171592026949,41217.6716756,1050624
0.160032361746,0.0506617763854,728.503424658,0.00816150493714,-0.0623622015119,1460.0,2776.36547852,-5723.46305664,73,0.583854732053,-0.0531411170959,,39194.352585,0.934367060661,4315.40039062,171.165991336,2775.79003906,11939.7131055,0.938944280148,6213.93883038,4305.99609375,1460.0,5703.19127093,0.171591222286,41236.7770536,1063615
0.159954577684,0.0506617763854,731.628378378,0.00486943846957,-0.113698013127,1480.0,2765.41870117,-5924.87274414,74,0.585460940291,-0.0940479189157,,39208.4638696,0.927582263947,4356.33105469,171.433029571,2766.70581055,9722.5121875,0.927534639835,6316.22740793,4346.93115234,1480.0,5679.91399128,0.171649187803,40831.5110689,1082810
0.159691825509,0.0506617763854,738.764666667,-0.00498134531356,-0.117329768836,1500.0,2782.33178711,-5735.73625977,75,0.590462847747,-0.0753555074334,,39217.7186139,0.924878716469,4347.74804688,171.823587528,2778.61010742,11826.920376,0.938785493374,6449.32989669,4334.16894531,1500.0,5627.89680819,0.171747028828,40466.8354265,1108147
0.159658268094,0.0527188476604,740.379605263,-0.00773084476255,-0.19104924798,1520.0,2780.46435547,-5711.69087891,76,0.591503342612,-0.101540341973,,39217.5645893,0.933612644672,4324.30566406,171.625540401,2778.59179688,8749.84589355,0.929973185062,6557.16507792,4313.40917969,1520.0,5616.9978174,0.171792849898,40151.9116491,1125377
0.159737676382,0.048684971323,739.277272727,-0.00751443058209,-0.058163780719,1540.0,2769.56274414,-5850.87474609,77,0.590963190249,-0.143315091729,,39164.7573846,0.934984624386,4293.51953125,171.381577943,2766.41992188,9203.34512207,0.951576054096,6642.99520206,4272.38085938,1540.0,5621.11925435,0.171792834997,39139.6072666,1138487
0.15982145071,0.048684971323,738.919871795,-0.00784705092479,-0.130607262254,1560.0,2759.16992188,-5732.92449219,78,0.590906446802,-0.103619635105,,39172.9736263,0.945194244385,4311.14355469,171.317083934,2755.90405273,12798.9131738,0.936081528664,6728.54670143,4299.70117188,1560.0,5625.23711246,0.171790242195,38860.8408302,1152715
0.159903496504,0.055962119108,738.076582278,-0.0076507045135,-0.124600306153,1580.0,2792.02416992,-5720.40673828,79,0.591063411996,-0.134465456009,,39178.4970345,0.951650202274,4282.17919922,171.089858044,2786.8034668,10467.673291,0.934310555458,6816.07322216,4262.75585938,1580.0,5632.76397782,0.171777039766,38734.9878741,1166161
0.159990802407,0.055962119108,737.265,-0.00751785192042,-0.146668180823,1600.0,2763.59521484,-5737.88723633,80,0.591196164127,-0.116973668337,,39192.4347222,0.948880314827,4336.17578125,170.73504805,2757.5534668,9841.67382812,0.947116613388,6909.09109449,4320.28320312,1600.0,5640.62635292,0.17176181078,38813.1763469,1179624
0.160081535578,0.055962119108,736.422222222,-0.0069013548936,-0.0130034182221,1620.0,2767.90039062,-5717.98882812,81,0.59109738212,-0.0822360515594,,39213.5387722,0.944153904915,4260.46777344,170.60209441,2764.54199219,10456.5570508,0.95751029253,6992.90359902,4249.19042969,1620.0,5649.01261891,0.171746626496,39152.3463521,1193004
0.160171985626,0.055962119108,735.502439024,-0.00648255229403,-0.0995960831642,1640.0,2723.85546875,-5842.98151367,82,0.590574879928,-0.141103968024,,39196.9559436,0.937452316284,4331.78808594,170.39655988,2719.13574219,11047.2093555,0.921559751034,7078.92225552,4315.76660156,1640.0,5655.34666553,0.171742737293,39692.8137531,1206224
0.160263136029,0.055962119108,734.414457831,-0.00565385216755,-0.0918160974979,1660.0,2746.1796875,-5787.62730469,83,0.589970313728,-0.0162122044712,,39187.1005123,0.934365689754,4317.24511719,169.967730559,2746.67993164,10343.4347363,0.924763441086,7172.70270061,4310.60253906,1660.0,5661.68739095,0.171736359596,39407.4799335,1219128
0.160358563066,0.055962119108,733.536309524,-0.00463817229119,0.0168044827878,1680.0,2706.90087891,-5880.70950195,84,0.590001711643,-0.0790219977498,,39170.0765723,0.929711580276,4311.42236328,169.631750597,2701.83227539,12987.1466309,0.905233323574,7264.80152249,4295.17675781,1680.0,5667.65995605,0.171745061874,39037.0332702,1232341
0.160426110029,0.055962119108,733.005882353,-0.00389077518546,-0.0803900882602,1700.0,2708.14916992,-5771.17046875,85,0.589726464226,-0.0154157653451,,39138.3051421,0.933587968349,4285.17041016,169.244475364,2709.17211914,10694.1146777,0.939076602459,7362.78095531,4278.10351562,1700.0,5668.82145109,0.171761214733,38272.2318597,1246110
0.160527452826,0.0594049171034,732.255232558,-0.00268012556391,-0.100586764514,1720.0,2682.04296875,-5852.26693359,86,0.589628930576,-0.105724349618,,39153.8410185,0.926930904388,4327.37988281,169.087563105,2681.92944336,9060.98759277,0.954310834408,7448.67911553,4312.13574219,1720.0,5675.72132942,0.171771645546,38186.7374079,1259479
0.160613775253,0.0594049171034,731.506321839,-0.00169955691782,0.0694943666458,1740.0,2710.10546875,-5811.6605957,87,0.589783940245,0.0783029943705,,39134.1087012,0.945562958717,4333.94189453,168.868480971,2706.01904297,12736.5017041,0.932228684425,7537.35091758,4317.29980469,1740.0,5679.93606471,0.171775475144,38103.4139259,1272821
0.160703510046,0.0594049171034,730.707386364,-0.000471109038937,0.00618293881416,1760.0,2676.79492188,-5913.37587891,88,0.589557090654,0.0993230864406,,39140.8527583,0.942443072796,4342.74121094,168.653637554,2674.62939453,12669.6803125,0.944728672504,7625.36176896,4331.96386719,1760.0,5686.5729551,0.171775922179,38373.1400418,1286045
0.160801768303,0.0594049171034,730.098314607,0.000884386376391,0.179592713714,1780.0,2647.26538086,-5885.60945313,89,0.589744077661,0.0569500811398,,39139.2153247,0.953206598759,4383.34179688,168.473159011,2647.05517578,9361.13737793,0.94842416048,7713.84004211,4370.80029297,1780.0,5692.95531142,0.171772152185,38620.7463645,1299575
0.160901725292,0.0594049171034,729.430555556,0.00194280428091,0.0182400085032,1800.0,2660.953125,-5857.64388672,90,0.589952563796,0.0917573347688,,39150.804528,0.939750432968,4336.33837891,168.197470166,2658.17333984,15065.3706104,0.935732603073,7806.15189219,4321.22412109,1800.0,5699.12889273,0.17176631093,39363.2940876,1312975
0.160988837481,0.0537784964984,728.834615385,0.00302728962387,0.0752980187535,1820.0,2655.89672852,-5813.36866211,91,0.590033002635,0.0639586448669,,39161.6587991,0.950173437595,4382.19628906,168.041613572,2648.50634766,15211.3658936,0.974594950676,7893.753052,4359.86621094,1820.0,5704.58889401,0.171746149659,39296.1246265,1326479
0.161078423262,0.0537784964984,728.457065217,0.0037717561847,0.159829825163,1840.0,2670.69702148,-5885.44352539,92,0.590142590737,0.111895553768,,39170.5383234,0.940113425255,4354.56591797,167.932343531,2667.93261719,11421.3657959,0.950540959835,7981.55359364,4339.25976562,1840.0,5709.64481535,0.171719655395,39804.4137503,1340361
0.161175727844,0.0537784964984,728.098387097,0.00451780347134,0.108233705163,1860.0,2686.70776367,-5874.84698242,93,0.590424121467,0.12086378783,,39146.0273956,0.933812737465,4341.80859375,167.857257479,2683.46166992,11004.1391016,0.94153034687,8067.944278,4325.15625,1860.0,5712.26846408,0.171707063913,39237.101012,1354263
0.161259412766,0.0477256850534,727.640425532,0.00528822289992,0.181145980954,1880.0,2680.74682617,-5896.43213867,94,0.590616496635,0.154326856136,,39121.659163,0.931102216244,4370.55224609,167.718000574,2675.67700195,10103.6063379,0.941149234772,8156.3338182,4352.24072266,1880.0,5715.13774738,0.171684965491,38809.1594845,1367964
0.161316648126,0.0477256850534,727.903684211,0.00563181529496,0.0870554596186,1900.0,2680.23022461,-5927.00933594,95,0.59128892507,0.101911023259,,39146.689079,0.944875538349,4369.92382812,167.701697948,2679.31933594,12213.5267139,0.949298202991,8246.88728213,4358.23876953,1900.0,5716.13850056,0.171682685614,39072.6109974,1383017
0.161367341876,0.0458634452633,728.69375,0.00573115189958,0.187694266438,1920.0,2645.5690918,-5896.34514648,96,0.593206458107,0.13803550601,,39166.0639772,0.947099983692,4440.2578125,167.715852176,2642.0402832,9262.32347168,0.938357710838,8342.0379281,4423.91210938,1920.0,5715.74192032,0.171646237373,39246.2382187,1399092
0.161311879754,0.0458634452633,732.106701031,0.00498987598411,0.16171091795,1940.0,2631.11376953,-5953.54886719,97,0.596317695541,0.164897024632,,39254.5515484,0.940241158009,4423.83935547,167.870719077,2630.90942383,10355.2715283,0.939877450466,8460.59996533,4413.74023438,1940.0,5702.58150923,0.171660900116,40800.3948878,1420287
0.161370664835,0.0458634452633,732.441326531,0.00469521996185,0.0223996061832,1960.0,2612.55151367,-5943.30751953,98,0.597482345673,0.0732105746865,,39286.7377397,0.954724133015,4464.44726562,167.811540595,2613.59960938,13400.2678467,0.938098311424,8554.74537039,4454.86816406,1960.0,5703.89982624,0.171634078026,41903.9501393,1435585
0.161397963762,0.0458634452633,733.660606061,0.00416361262081,0.145910739899,1980.0,2601.47119141,-5959.20530273,99,0.599176548811,0.130508571863,,39339.7657116,0.946345329285,4476.00195312,167.895786337,2603.73852539,9731.90449707,0.921118497849,8652.08133984,4468.44384766,1980.0,5702.08727651,0.171612560749,43440.1688258,1452648
0.161453440785,0.0440738694283,734.0535,0.00392583843446,0.0251551792026,2000.0,2593.34082031,-6024.57258789,100,0.6000755978,0.0597424469888,,39394.4655301,0.947450101376,4439.74609375,167.844513626,2594.27880859,10506.8346387,0.965231120586,8746.82745528,4430.75292969,2000.0,5704.56928511,0.171574980021,44102.2181009,1468107
0.161535799503,0.0440738694283,733.628217822,0.0042721866255,0.0111793857068,2020.0,2590.99755859,-5954.00703125,101,0.600223366206,0.0545424968004,,39416.6152461,0.944860577583,4441.41699219,167.666454876,2592.36743164,12301.7972559,0.944519937038,8838.55390811,4431.6796875,2020.0,5709.84781172,0.171549737453,44227.1996075,1481929
0.161586791277,0.0477256850534,733.639705882,0.00400290066122,-0.0167387202382,2040.0,2589.12915039,-5935.90515625,102,0.60053586154,0.0288387145847,,39432.027173,0.935961008072,4442.6875,167.544569356,2584.18823242,11059.823291,0.93647646904,8932.69776368,4424.74121094,2040.0,5711.43317181,0.171553999186,42875.0542901,1496625
0.16166163981,0.0477256850534,733.05776699,0.00434024036574,0.0673236176372,2060.0,2561.82861328,-5907.75220703,103,0.601199780771,0.0692571103573,,39431.4378892,0.943129301071,4473.89013672,167.367526317,2555.74291992,10681.3130029,0.945123314857,9022.65232229,4454.81933594,2060.0,5715.6550845,0.171539127827,42267.5608207,1510099
0.161715596914,0.0449597542038,733.153846154,0.00396720239859,-0.0720900148153,2080.0,2573.43823242,-5839.15762695,104,0.601776679116,-0.00944865867496,,39467.1247978,0.964029490948,4447.50048828,167.306412694,2572.13842773,10710.0702344,0.958254933357,9114.77316046,4435.00976562,2080.0,5717.37881629,0.171538621187,41988.8347042,1524960
0.161799162626,0.0449597542038,732.640952381,0.00402886707696,-0.130718171597,2100.0,2580.20581055,-5864.77966797,105,0.601484267828,-0.118336975574,,39491.526725,0.954126834869,4470.82324219,167.111194056,2581.73828125,11125.5065918,0.945702195168,9206.7201643,4453.59667969,2100.0,5722.1822447,0.171520993114,41432.7506235,1538546
0.161884456873,0.0449597542038,731.849528302,0.00411791910893,-0.0960664302111,2120.0,2580.56201172,-5898.61102539,106,0.601145992036,-0.0611307471991,,39520.1518451,0.952253460884,4432.54394531,166.82246838,2577.93969727,7979.77298828,0.957614123821,9300.43186069,4420.23974609,2120.0,5727.77805344,0.171516790986,41611.5911455,1551521
0.161978781223,0.0383426343286,731.297196262,0.00441802254499,-0.017718276009,2140.0,2585.36328125,-5870.06746094,107,0.600844106937,-0.013068433851,,39569.3460829,0.945844113827,4413.02636719,166.644113749,2582.93115234,9260.62283691,0.949597358704,9391.12678385,4400.44628906,2140.0,5733.89526544,0.171509504318,42370.6518442,1564976
0.162062883377,0.0383426343286,730.788425926,0.00445817017023,-0.0960454195738,2160.0,2582.30273438,-5830.28542969,108,0.600707487704,-0.03727459535,,39616.7551792,0.961412131786,4425.97851562,166.596019167,2579.1640625,10952.1458301,0.962307453156,9475.03432488,4411.53515625,2160.0,5739.54920312,0.171490550041,43434.291353,1578503
0.162148296833,0.0383426343286,730.369266055,0.00485171531756,-0.0588096119463,2180.0,2585.44970703,-5934.40723633,109,0.600894838442,0.0784260556102,,39644.881902,0.950500249863,4401.41699219,166.492752886,2581.37280273,11150.5079492,0.945730626583,9563.20904303,4382.93652344,2180.0,5744.33636122,0.171473562717,43342.2296698,1592205
0.16222769022,0.0383426343286,729.878181818,0.00506812419924,0.0944992154837,2200.0,2584.36352539,-5838.41018555,110,0.601072612926,0.0599686168134,,39676.1769821,0.951622366905,4401.67822266,166.334327835,2583.71142578,11571.783208,0.962789416313,9653.64168,4390.64746094,2200.0,5749.52879868,0.171451717615,43553.8323819,1605732
0.162140727043,0.0383426343286,733.669369369,0.00214798104889,-0.0791858807206,2220.0,2600.28125,-5769.55389648,111,0.604169812316,-0.0391279309988,,39779.843938,0.95474332571,4413.67382812,166.500493907,2598.08984375,12052.138042,0.961296141148,9782.22924018,4397.796875,2220.0,5734.08166629,0.171460181475,45285.316307,1628746
0.162097871304,0.0383426343286,736.371428571,-0.000922279077177,-0.0745092183352,2240.0,2622.92871094,-5764.64362305,112,0.60619839901,-0.0271809510887,,39888.1836684,0.954535901546,4434.33642578,166.770813102,2621.57055664,10217.9797559,0.966386914253,9890.65154338,4419.51660156,2240.0,5724.21276264,0.171442657709,46711.3079975,1649472
0.162176340818,0.0415195786941,736.019469027,-0.000903689569364,-0.00740665569901,2260.0,2640.33789062,-5810.28821289,113,0.606155050333,-0.0578146614134,,39928.5164612,0.952283203602,4429.74414062,166.71121953,2635.53295898,10095.4264795,0.961994469166,9977.75677419,4406.78369141,2260.0,5729.72549391,0.171416446567,46662.5601524,1663404
0.162252306938,0.0415195786941,735.114473684,-0.000504381013817,0.104936331511,2280.0,2606.80883789,-5787.32898437,114,0.605882760996,0.056679725647,,39922.5220272,0.955191195011,4433.18457031,166.598269948,2605.03588867,15196.7336914,0.95070374012,10060.4946289,4413.02587891,2280.0,5734.51325318,0.171404764056,45975.0767561,1676061
0.162330821157,0.0415195786941,734.876521739,0.000257983271025,0.112313866615,2300.0,2645.19213867,-5744.85948242,115,0.6066249298,0.0905511826277,,39910.5279381,0.957642138004,4471.04394531,166.52804053,2646.43603516,11302.8592627,0.958660066128,10149.7381139,4458.18505859,2300.0,5736.69939233,0.171379745007,45066.2489696,1690216
0.162414655089,0.0415195786941,734.394396552,0.000801292371074,0.0495222918689,2320.0,2609.50952148,-5879.29348633,116,0.606736722449,0.0950793623924,,39925.4065263,0.958779633045,4426.63574219,166.362886967,2608.17358398,10158.779834,0.949600636959,10241.4368436,4412.51416016,2320.0,5741.18846376,0.17136195302,43156.8959876,1703795
0.162445068359,0.0415195786941,734.260683761,0.000262371397218,0.0914212465286,2340.0,2575.36621094,-5772.07751953,117,0.607076396643,0.0541209802032,,39943.5903091,0.954955995083,4453.14355469,166.112793583,2573.7355957,10799.2034229,0.957104384899,10343.3935637,4435.71777344,2340.0,5741.01275468,0.171363294125,41184.6990612,1718170
0.162516474724,0.0415195786941,733.372881356,0.000626695958799,0.0969226658344,2360.0,2572.90942383,-5846.62640625,118,0.607507641922,0.0725440084934,,39924.8036154,0.950506448746,4438.65625,165.643949475,2575.84423828,12967.4552246,0.946673095226,10448.676245,4428.06542969,2360.0,5744.06942815,0.171347230673,39840.8933011,1730760
0.162595391273,0.0415195786941,732.710504202,0.000983118433981,-0.0234021134675,2380.0,2580.05200195,-5814.8403125,119,0.607262362091,0.0170857533813,,39951.0910046,0.95530462265,4364.60449219,165.399091693,2580.67456055,11033.8232422,0.96367174387,10543.2924821,4350.42578125,2380.0,5749.0091927,0.171325579286,40602.4636886,1743851
0.162669062614,0.0415195786941,731.98625,0.00119777942793,-0.0166406389326,2400.0,2583.75024414,-5833.7143457,120,0.607414942205,0.00474307872355,,39968.5871052,0.958116948605,4412.72558594,165.278994961,2581.82421875,10159.1782959,0.95634162426,10629.1002097,4395.33544922,2400.0,5753.96793069,0.171310216188,41303.9479488,1756767
0.16270428896,0.0415195786941,731.971900826,0.000888467644963,0.0765443071723,2420.0,2578.49511719,-5776.73196289,121,0.607798055714,0.0875280946493,,39996.4445081,0.957295954227,4417.21728516,165.267476822,2579.63452148,12544.02875,0.950986385345,10718.2128878,4408.43554688,2420.0,5755.5228019,0.17131626606,41644.5256855,1771372
0.16272765398,0.0415195786941,732.313114754,0.000220500046057,-0.00985853746533,2440.0,2554.03979492,-5722.42919922,122,0.608331709603,0.0679522156715,,40029.9399017,0.953614532948,4441.26660156,165.22834507,2553.63867188,11878.7007129,0.960458159447,10814.3914366,4426.98144531,2440.0,5753.89958755,0.171319380403,42050.5203689,1786844
0.162801608443,0.0458634452633,731.760162602,0.000481366392899,-0.139074280858,2460.0,2567.57592773,-5873.51803711,123,0.608140041804,-0.106982290745,,40056.4567945,0.938043415546,4421.39550781,165.166426233,2574.57861328,14598.3133838,0.947564780712,10898.885694,4403.65722656,2460.0,5758.77051021,0.171303778887,43163.4718201,1800130
0.162853211164,0.0423541222259,731.794354839,0.000258401712148,0.145630449057,2480.0,2576.078125,-5818.83262695,124,0.608358612708,0.128115162253,0.211012503505,40096.1859629,0.953318178654,4429.32519531,165.129467473,2574.37036133,13177.3106934,0.949422061443,10990.4672241,4414.46777344,2480.0,5760.20125587,0.171291038394,43549.4459726,1814850
0.162881270051,0.0423541222259,731.6756,0.000931147664622,-0.0293717738241,2500.0,2585.16162109,-5823.85645508,125,0.607958703064,-0.0126791596413,,40115.654981,0.955735683441,4432.19921875,165.114433294,2586.57763672,13700.5181787,0.954826533794,11078.3107419,4420.328125,2500.0,5760.05098527,0.17129701376,43645.2839983,1829189
0.162925988436,0.0423541222259,731.756349206,0.000780823653664,0.117254495621,2520.0,2539.95263672,-5863.86754883,126,0.608456578461,0.0360653921962,,40161.3011913,0.95231294632,4437.66455078,165.139152472,2540.78808594,17192.6374219,0.961127817631,11166.4979043,4421.34570312,2520.0,5762.36178366,0.171288028359,44150.832925,1844026
0.162996053696,0.0477256850534,731.342125984,0.00123202876354,-0.0281566679478,2540.0,2549.75341797,-5936.4606543,127,0.60863585027,-0.0144449379295,,40188.3723907,0.961996376514,4454.74072266,165.102302472,2552.18334961,11875.4734131,0.9601303339,11251.2604136,4441.23242188,2540.0,5767.02323564,0.171267837286,44054.1251227,1857609
0.163064822555,0.0477256850534,731.044921875,0.00173420916243,0.0125672165304,2560.0,2548.87841797,-5995.67285156,128,0.609028052592,-0.0274239331484,,40217.6929654,0.957628667355,4415.65820312,165.105309147,2552.6003418,14420.2440771,0.959179639816,11335.0382836,4400.06640625,2560.0,5771.02656535,0.171232432127,44184.10277,1871475
0.16313739121,0.0496635392466,730.571317829,0.00215478240352,-0.0514710769057,2580.0,2568.5847168,-5941.83066406,129,0.608615109057,-0.0595719069242,,40244.6379801,0.948978841305,4407.26855469,165.054981233,2572.02197266,11280.3281299,0.96522206068,11419.6735289,4394.78320312,2580.0,5775.43034789,0.171207353473,43926.2480054,1884874
0.163212418556,0.0496635392466,730.176538462,0.00268872877321,0.0978834852576,2600.0,2545.80737305,-5954.88646484,130,0.608400169458,0.00128001812845,,40261.87966,0.959940433502,4458.19042969,165.056192911,2545.05517578,11366.9201514,0.93782377243,11501.8950002,4439.64990234,2600.0,5779.13697552,0.171181321144,43917.496637,1898459
0.163283154368,0.0458634452633,729.733206107,0.00320632100393,0.0467376708984,2620.0,2511.66308594,-5909.77116211,131,0.608087845963,0.0782739818096,,40285.2092012,0.955580294132,4476.66064453,165.004823412,2510.12036133,13944.0851953,0.97176450491,11586.9400692,4456.8203125,2620.0,5783.77137942,0.171156346798,43407.6910499,1911901
0.163347661495,0.0458634452633,729.235606061,0.00379802387686,0.162843376398,2640.0,2506.89794922,-6015.36020508,132,0.608281102729,0.0934299752116,,40294.3832506,0.946968197823,4474.30175781,164.960343715,2508.31201172,10564.0980664,0.950037777424,11670.574616,4461.37304688,2640.0,5787.3041962,0.171123951674,42987.059092,1925182
0.163387447596,0.0458634452633,729.597368421,0.00355497327167,-0.0191951952875,2660.0,2533.0769043,-5924.92138672,133,0.609113348153,0.0531617701054,,40315.6497836,0.953249156475,4454.84130859,164.958564327,2538.92333984,13222.327959,0.942634165287,11764.9484155,4454.17626953,2660.0,5787.13364775,0.171093657613,42823.3443291,1940729
0.163384258747,0.0477256850534,730.917537313,0.0023735838628,-0.0518731214106,2680.0,2511.85229492,-5995.87942383,134,0.609908440954,-0.0523392185569,,40368.8564776,0.94243979454,4491.98242188,165.071585753,2511.11230469,9692.0001123,0.939700007439,11866.7243128,4478.36474609,2680.0,5782.7570566,0.171069860458,43573.6937122,1958859
