reference_perturbed_action_std,rollout/episodes,reference_actor_Q_std,rollout/return,reference_action_std,rollout/Q_mean,total/episodes,total/duration,reference_actor_Q_mean,obs_rms_std,total/steps,train/loss_critic,rollout/actions_mean,rollout/return_history,param_noise_stddev,reference_Q_mean,obs_rms_mean,total/epochs,reference_perturbed_action_mean,rollout/actions_std,rollout/episode_steps,reference_Q_std,train/param_noise_distance,total/steps_per_second,reference_action_mean,train/loss_actor
0.661130428314,20.0,1941.52148438,-5314.49836144,0.79154998064,1322.22606245,20.0,66.3016700745,1487.89331055,0.145709693432,16972,19315.4444043,-0.30753548158,-5314.49836144,0.2,1461.89477539,0.673502802849,1,-0.749165117741,0.827746549413,848.6,1938.23962402,,255.981485548,-0.483329206705,-1363.57268555
0.815283417702,40.0,1965.70410156,5068.63723024,0.785426199436,2726.62636817,40.0,159.180571318,1601.51708984,0.145746290684,44659,21527.3707715,-0.161662554528,5068.63723024,0.121607764938,1576.68701172,0.673457741737,2,-0.508199751377,0.795873310708,1116.475,1959.92980957,,280.555595638,-0.503580987453,-2823.22111328
0.947275936604,60.0,1993.13647461,14740.5604055,0.880093097687,3270.20739386,60.0,256.855200529,1597.55371094,0.145787283778,81743,25263.8080469,-0.148747253114,14740.5604055,0.121607764938,1577.82849121,0.673380255699,3,-0.217082247138,0.757604238035,1362.38333333,1984.7980957,,318.245454371,-0.285411298275,-3453.40422363
0.852985441685,80.0,2039.59899902,15208.2893338,0.935081481934,3313.24238372,80.0,330.912892103,1622.16552734,0.145818084478,105889,22470.4023779,-0.0922833333651,15208.2893338,0.121607764938,1589.40893555,0.67333060503,4,-0.464486122131,0.76090802135,1323.6125,2031.14367676,,319.990554998,-0.112331926823,-3452.74663574
0.959794938564,100.0,2025.86999512,27725.2753602,0.949173629284,4082.73156635,100.0,416.04043746,1670.11743164,0.145817413926,133670,22242.0035352,-0.0709643249532,27725.2753602,0.0739422424658,1639.54833984,0.673315703869,5,-0.0119121121243,0.731734952938,1336.7,2016.78564453,,321.290884165,-0.107312567532,-4348.81532227
0.751366972923,120.0,1998.29602051,43454.0594583,0.945219576359,4796.50367978,120.0,522.111255884,1760.84350586,0.145828515291,171106,21277.377832,-0.0463074607671,53207.7710223,0.0739422424658,1730.75976562,0.673296570778,6,-0.600793778896,0.703967119261,1425.88333333,1992.23449707,,327.719423919,-0.0241197273135,-4962.6334668
0.916384518147,140.0,1964.81176758,68364.1583526,0.943775951862,5830.34961597,140.0,654.140548229,1828.92102051,0.145829424262,216919,16042.6929248,-0.0407097858819,93682.3668016,0.0449597542038,1790.82751465,0.673314332962,7,-0.0939168930054,0.651245372135,1549.42142857,1958.98962402,,331.609163485,0.00410113250837,-5998.94924805
0.896485626698,160.0,1980.29870605,72522.656219,0.939233541489,6106.40119618,160.0,736.348137617,1887.65625,0.145822286606,244373,16786.7616943,-0.0431993640682,107191.913707,0.0449597542038,1856.04736328,0.673300206661,8,-0.205098986626,0.632964153862,1527.33125,1972.85461426,,331.871553028,-0.0615161173046,-6369.50348633
0.951736569405,180.0,1969.00244141,89159.9892689,0.928622245789,6743.53525359,180.0,864.011453152,1888.02368164,0.145822495222,291680,13281.2206885,-0.0327719762602,148321.349217,0.0449597542038,1863.10974121,0.673326313496,9,-0.125206306577,0.601198010486,1620.44444444,1958.1920166,,337.588117537,-0.0967201963067,-7060.34874023
0.892038345337,200.0,1881.16162109,103966.633406,0.915567278862,7219.28867658,200.0,1001.20980382,1921.43652344,0.1458132267,341061,116077.31854,-0.0386496971069,180207.991452,0.0273372761044,1890.19567871,0.673346221447,10,-0.126992806792,0.568916712366,1705.305,1876.84423828,,340.648881682,-0.00389002147131,-7368.69518555
0.892690598965,220.0,1946.38269043,109647.567225,0.90798074007,7409.90207358,220.0,1112.45168138,1993.36682129,0.145823970437,378243,22124.5783496,-0.0299268326554,189079.776545,0.0273372761044,1962.18432617,0.673357844353,11,-0.143975630403,0.554417279904,1719.28636364,1937.24987793,,340.008475274,-0.0547917895019,-7616.62962891
0.909116387367,240.0,1892.31237793,119938.107905,0.891937255859,7746.44624392,240.0,1238.13024926,1974.48364258,0.145810499787,421647,18065.1867285,-0.0293021668639,192141.637278,0.0273372761044,1950.51000977,0.673381388187,12,-0.0436139814556,0.53374878094,1756.8625,1882.73498535,,340.551408264,-0.0120322629809,-7824.21883789
0.851901292801,260.0,1895.00524902,123400.219724,0.878394246101,7875.34155118,260.0,1347.91673708,1956.19299316,0.145816102624,457619,22024.0118652,-0.0317195559117,204804.321331,0.0169562299499,1928.68334961,0.673389792442,13,-0.387127876282,0.528531452725,1760.07307692,1884.77258301,,339.500940534,-0.142026305199,-8023.61676758
0.88593006134,280.0,1885.49206543,130605.012906,0.896726250648,8088.59007725,280.0,1473.2325387,2084.515625,0.14579603076,500369,60929.7959375,-0.0280394667906,205206.055453,0.0169562299499,2051.80664062,0.67340195179,14,0.171329259872,0.512133099156,1787.03214286,1875.23742676,,339.640204011,-0.0150973303244,-8258.01217773
0.873699784279,300.0,1906.40515137,139908.709276,0.881736338139,8356.87597303,300.0,1623.20732021,2108.65478516,0.145782440901,549828,21405.6250488,-0.0244699481995,211792.861015,0.0169562299499,2074.35473633,0.673438251019,15,-0.211572244763,0.495069354027,1832.76,1896.02233887,,338.72937434,-0.197388097644,-8590.81416992
0.839385569096,320.0,1914.66125488,139792.860648,0.844952404499,8306.4709811,320.0,1731.91347599,2129.61523438,0.14578717947,588867,41049.8720313,-0.0299395815401,206112.506178,0.0169562299499,2090.96289062,0.673410415649,16,-0.339898079634,0.495579365258,1840.209375,1900.54907227,,340.009479783,-0.269302040339,-8648.66005859
0.89984613657,340.0,1917.22644043,141130.055797,0.909621357918,8372.73460271,340.0,1840.94364691,2189.87915039,0.145783185959,624630,14347.3883887,-0.0285203856269,191990.730739,0.0169562299499,2150.67993164,0.673419952393,17,-0.0266570467502,0.488032689988,1837.14705882,1903.30505371,,339.298816153,-0.00287897442468,-8694.53078125
0.900862812996,360.0,1913.9152832,146608.689561,0.863688409328,8574.72679974,360.0,1949.03984547,2189.70605469,0.145771354437,665901,23568.5750684,-0.0264031115956,206950.711139,0.0169562299499,2158.05175781,0.673434376717,18,-0.163172960281,0.477063924148,1849.725,1900.44665527,,341.65591922,-0.265616685152,-9033.43136719
0.885532438755,380.0,1922.46386719,146169.670893,0.879632413387,8631.95298856,380.0,2032.31751919,2214.5546875,0.145757094026,693205,19276.2660645,-0.0237690196717,189750.713257,0.0159735356322,2179.3581543,0.673430800438,19,-0.158662006259,0.47218807077,1824.22368421,1908.01293945,,341.09089424,-0.111098028719,-9033.97019531
0.900014400482,400.0,1940.83972168,151795.861213,0.879606485367,8814.31276792,400.0,2161.23940825,2252.16967773,0.145753204823,737017,25483.492334,-0.0232360705943,187457.317025,0.0159735356322,2217.39868164,0.673470675945,20,-0.069643355906,0.463320708003,1842.5425,1923.66699219,,341.015899111,-0.0365483649075,-9203.57862305
0.85447371006,420.0,2021.71362305,152419.504504,0.847982347012,8805.07786813,420.0,2265.61794925,2364.06445312,0.145757451653,776772,22010.2253613,-0.0209365132823,192824.764845,0.0159735356322,2315.84472656,0.673453330994,21,-0.304147988558,0.463903009009,1849.45714286,2011.26745605,,342.85215663,-0.288195461035,-8979.65297852
0.911712110043,440.0,1929.21691895,153655.951674,0.910860478878,8803.56636696,440.0,2387.57914495,2610.40844727,0.145762398839,820377,20730.4709766,-0.011801172632,196243.997657,0.0159735356322,2561.58618164,0.673436224461,22,0.011483784765,0.463341928468,1864.49318182,1915.2310791,,343.602012831,0.0233525186777,-9145.67949219
0.864540398121,460.0,1910.25256348,157904.91543,0.884187817574,8903.36850199,460.0,2534.19557905,2583.39404297,0.145769357681,871834,48767.5355469,-0.00381082059891,198571.328559,0.0159735356322,2553.38452148,0.67345815897,23,-0.237890765071,0.461944306668,1895.29130435,1898.14172363,,344.027906609,-0.128095969558,-9288.98789062
0.788992524147,480.0,1930.26074219,158041.110165,0.767966389656,8953.96654483,480.0,2637.99607611,2501.00097656,0.145763963461,903389,63789.280918,-0.0036308278596,203152.579397,0.0159735356322,2463.53295898,0.673470675945,24,-0.479889392853,0.456446660952,1882.06041667,1912.72814941,,342.452745924,-0.498858898878,-9240.25873047
0.906092882156,500.0,1966.47143555,158118.180194,0.908641576767,8957.27787756,500.0,2752.85254788,2541.81689453,0.14577883482,941800,90100.496582,-0.00101095105953,183407.456118,0.0247480794341,2508.40771484,0.673471391201,25,-0.0402191691101,0.45280533368,1883.6,1955.47351074,0.191589095891,342.117851798,-0.0681186243892,-9311.31761719
0.898917019367,520.0,1965.54589844,159973.826129,0.905073523521,9026.29002343,520.0,2868.75167871,2534.26367188,0.145762398839,981142,21778.451792,-0.000261010494332,191701.976952,0.0247480794341,2499.77880859,0.673484504223,26,-0.139395102859,0.448053773561,1886.81153846,1954.54467773,,342.010083091,-0.0863413736224,-9369.47641602
0.843480050564,540.0,1983.93505859,163172.812514,0.767485201359,9130.88815234,540.0,2991.34556007,2463.80639648,0.145754158497,1024525,80401.5159473,0.00157345588066,205047.000208,0.0224041134654,2427.55029297,0.673500955105,27,-0.335274845362,0.443520024372,1897.26851852,1970.96276855,,342.496371424,-0.484781980515,-9735.86366211
0.850590825081,560.0,2002.20629883,164272.26061,0.839895129204,9166.09417609,560.0,3114.52949286,2391.26367188,0.145748719573,1064561,19842.6342041,0.000817507081868,193562.048436,0.0224041134654,2355.78417969,0.673504590988,28,-0.333345890045,0.441566869737,1901.00178571,1990.64758301,,341.804758132,-0.352291733027,-9821.65171875
0.90708386898,580.0,2011.3190918,169468.429358,0.917474150658,9297.75207726,580.0,3282.88681936,2439.98291016,0.145734280348,1121762,96480.2368262,0.000118717025141,224319.561485,0.0224041134654,2382.13671875,0.673561275005,29,-0.0379447899759,0.43338103347,1934.07241379,2002.53967285,,341.699870182,0.00102220417466,-10402.6174609
0.895795404911,600.0,1971.6348877,170313.037651,0.910900235176,9360.33412585,600.0,3387.6392405,2406.08447266,0.14573225379,1157279,15202.2549854,-0.00135857472521,231287.324935,0.0242604444997,2353.39111328,0.673575758934,30,-0.0781716629863,0.430265091678,1928.79833333,1967.25842285,,341.618135179,0.00516882492229,-10352.3057227
0.928631484509,620.0,1933.94494629,172062.290975,0.923105597496,9438.64371721,620.0,3508.7133193,2486.21289062,0.145720884204,1196832,11783.4205225,0.000229807750677,234922.308179,0.0242604444997,2433.83422852,0.673598825932,31,0.000463981181383,0.426176464923,1930.37419355,1921.59313965,,341.102817781,0.0488553196192,-10581.1612305
0.924327015877,640.0,1880.29943848,177008.6373,0.921773254871,9541.01375214,640.0,3686.63096809,2471.47607422,0.14571197331,1256328,15429.8500342,-0.000255990223504,251722.091144,0.0242604444997,2415.5859375,0.673640370369,32,-0.0176722053438,0.420188476206,1963.0125,1867.87036133,,340.77943002,0.0502831488848,-10457.2720508
0.930547654629,660.0,1886.00976562,178144.448052,0.889966487885,9538.94881077,660.0,3841.477772,2414.75537109,0.145719975233,1306658,20260.8832471,-0.00298701515148,255828.697728,0.0242604444997,2362.12744141,0.673637330532,33,-0.0386036150157,0.418776599109,1979.78484848,1876.23706055,,340.144620782,0.0158509910107,-10556.5548438
0.815236568451,680.0,1856.90478516,177389.592263,0.860790133476,9500.70633779,680.0,3953.60843468,2282.02832031,0.145720079541,1347756,11215.3679395,-0.00712153651754,223332.337113,0.0242604444997,2237.74609375,0.673611283302,34,-0.388121157885,0.4206096601,1981.99411765,1849.30834961,,340.892635745,-0.158519044518,-10244.1366797
0.797721743584,700.0,1923.82617188,180060.775271,0.856759309769,9549.13636991,700.0,4107.69932628,2188.53271484,0.145711272955,1401273,49955.6804102,-0.0090188774712,238547.200991,0.0202821516517,2153.14794922,0.673624396324,35,-0.31418928504,0.417383802866,2001.81857143,1917.45581055,,341.133293529,-0.224974945188,-10403.2428125
0.949853122234,720.0,1983.92810059,182882.628339,0.8963778615,9603.96413161,720.0,4260.79428244,2254.82080078,0.145692065358,1455015,15373.2508691,-0.010047238855,249968.719992,0.0202821516517,2204.5703125,0.673641264439,36,-0.122916020453,0.413229097526,2020.85416667,1981.46044922,,341.489145814,-0.138087749481,-10521.1587695
0.75123488903,740.0,2034.19482422,185840.629627,0.784150004387,9636.51788404,740.0,4418.38543034,2179.44775391,0.145672991872,1517915,45684.8046826,-0.014375784491,242365.380519,0.0202821516517,2154.38549805,0.673621475697,37,-0.45147767663,0.411224384198,2051.23648649,2029.64147949,,343.545175932,-0.408396095037,-10441.486875
0.715169012547,760.0,2026.57751465,184383.501457,0.82640850544,9572.04830965,760.0,4519.11869073,2133.72241211,0.145677059889,1559793,16399.041748,-0.0213213296819,225561.253926,0.0202821516517,2099.74609375,0.673569858074,38,-0.591095149517,0.415064867657,2052.35921053,2021.91186523,,345.154245052,-0.276327937841,-10335.9594141
0.901559472084,780.0,2037.79602051,187261.774874,0.92973035574,9645.7369145,780.0,4683.75769186,2073.7487793,0.145675644279,1612076,12430.3011963,-0.0202781060401,254392.616631,0.0202821516517,2037.63989258,0.673628151417,39,-0.016283839941,0.409731324661,2066.76410256,2034.51281738,,344.184329348,-0.0135575011373,-10582.5694336
0.915755331516,800.0,2048.37304688,189455.797831,0.917004704475,9710.04212925,800.0,4814.98152757,2014.94396973,0.145670130849,1660170,11617.112998,-0.0205419007092,255220.955755,0.0202821516517,1986.22790527,0.673653662205,40,-0.242080882192,0.406718737132,2075.2125,2044.53186035,,344.792600033,-0.0946016833186,-10503.4766797
0.931563675404,820.0,2047.7253418,190175.434402,0.926113307476,9747.71471019,820.0,4948.32877755,2060.91186523,0.145667299628,1701211,101818.105791,-0.0207377355185,242683.638058,0.0191067043242,2021.22009277,0.673684239388,41,0.0273467991501,0.404436289621,2074.64756098,2049.84887695,,343.795062227,0.0351260267198,-10612.5892383
0.908772170544,840.0,2054.61157227,191605.794446,0.90836763382,9779.39870219,840.0,5092.78569579,2061.11474609,0.145654886961,1749544,16767.0928296,-0.0209941747208,234268.014105,0.0191067043242,2033.4263916,0.673695325851,42,-0.0179013516754,0.402694897161,2082.79047619,2054.70727539,,343.53379555,-0.0216964688152,-10539.6098438
0.909446239471,860.0,2039.47314453,192718.0185,0.914291203022,9822.26288716,860.0,5212.74669862,2081.67944336,0.145641714334,1792790,22884.647627,-0.0203740863726,256060.348032,0.0191067043242,2040.43383789,0.673710405827,43,-0.0750232040882,0.400031683438,2084.63953488,2038.4576416,,343.924250237,0.0491437874734,-10761.7528125
0.903858661652,880.0,2015.79382324,192867.419896,0.909420132637,9848.71893467,880.0,5323.95279217,2125.14941406,0.145629435778,1829942,15306.2299561,-0.0202636918001,236591.451069,0.0191067043242,2091.70947266,0.673717319965,44,0.0733556076884,0.398694479257,2079.47954545,2014.27612305,,343.718675096,-0.0685713663697,-10712.3087891
0.915472090244,900.0,2008.8503418,192410.593677,0.874795794487,9853.24862852,900.0,5439.18388867,2031.11791992,0.145629316568,1867365,83011.3451221,-0.0221119719636,216048.960437,0.0191067043242,1998.56066895,0.673719584942,45,-0.112902082503,0.399304554487,2074.85,2007.51367188,,343.317129595,-0.216075256467,-10705.9916797
0.914456307888,920.0,2025.63476562,192380.845811,0.906761825085,9814.35435855,920.0,5575.34154272,2025.2598877,0.145647928119,1918575,11595.6837793,-0.0259549392324,210465.219363,0.0191067043242,1994.13500977,0.673712670803,46,-0.0919667184353,0.39953994707,2085.4076087,2023.77502441,,344.117931664,-0.0560915321112,-10751.0782813
0.880495905876,940.0,2014.9642334,192801.096528,0.822869479656,9809.83074252,940.0,5700.99179435,1943.29077148,0.145635396242,1966105,10119.99521,-0.0270513674488,202841.634019,0.0191067043242,1918.33886719,0.673689186573,47,-0.0922089293599,0.398054612473,2091.60106383,2012.70251465,,344.870694596,-0.180110618472,-10627.7837891
0.781627357006,960.0,2042.0020752,193631.556147,0.805127024651,9814.23881985,960.0,5848.09332991,1908.27246094,0.145638778806,2015560,18465.9047656,-0.0278028391643,201487.979911,0.0191067043242,1881.09387207,0.673692762852,48,-0.416668146849,0.397770106386,2099.54166667,2041.23291016,,344.652502328,-0.380426287651,-10477.6928125
0.885321736336,980.0,2054.72119141,194952.900056,0.886045753956,9851.30903755,980.0,5983.43646383,1992.47167969,0.14562240243,2062213,15117.4226709,-0.0274541036973,213305.125456,0.01799937977,1962.22924805,0.673705458641,49,-0.163423165679,0.39541224277,2104.29897959,2052.52612305,,344.653613766,-0.0416321344674,-10486.1689844
0.895435631275,1000.0,2034.46130371,193890.696307,0.903545379639,9830.71306713,1000.0,6094.53183079,2009.97912598,0.145624130964,2097667,11095.0787109,-0.030169871605,207211.619982,0.01799937977,1972.14331055,0.673687756062,50,0.0076572378166,0.397514211641,2097.667,2031.66894531,,344.188373815,0.124009229243,-10264.9080859
0.911491513252,1020.0,1995.47705078,195104.80818,0.91710537672,9848.33667472,1020.0,6236.69474244,2013.81884766,0.145622551441,2148943,86514.8234766,-0.0313171223036,220165.26198,0.01799937977,1975.80480957,0.673692822456,51,0.0964846014977,0.396445070027,2106.80686275,1996.15515137,,344.5644029,0.0574818514287,-10452.5813867
0.915395855904,1040.0,2004.72766113,196144.71263,0.937428891659,9879.79369781,1040.0,6368.21716499,2045.90454102,0.145605713129,2193628,80050.769209,-0.0309118756117,227574.703991,0.01799937977,1999.25622559,0.673716962337,52,-0.102532811463,0.394332364414,2109.25769231,2006.87182617,,344.465011661,-0.060287039727,-10525.1892969
0.904488027096,1060.0,2023.2878418,197227.054406,0.870034039021,9910.33368502,1060.0,6502.56403542,2064.93066406,0.145601093769,2239566,16392.2340088,-0.0317049112586,231743.837691,0.0191067043242,2022.84423828,0.673738896847,53,-0.0472001582384,0.39333249272,2112.79811321,2022.70910645,,344.412755922,-0.0807944387197,-10606.5156055
0.909447610378,1080.0,2065.06665039,197173.030367,0.852238714695,9917.17756787,1080.0,6631.14969158,2128.24047852,0.145582020283,2278736,131239.779229,-0.0314745124029,218930.307419,0.0191067043242,2092.01171875,0.673732876778,54,-0.0961493477225,0.391950907422,2109.94074074,2061.19970703,,343.6411642,-0.0336761623621,-10436.3315234
0.904726684093,1100.0,2051.73608398,197620.239892,0.861381530762,9905.69238764,1100.0,6779.20555305,2000.98400879,0.145576953888,2330314,18770.4332129,-0.0315948326595,234915.675736,0.0191067043242,1973.96008301,0.673715353012,55,-0.135511443019,0.392672158566,2118.46727273,2048.8371582,,343.744408067,-0.149073123932,-10544.8286523
0.904532968998,1120.0,1977.3848877,198146.832195,0.878125190735,9908.93076365,1120.0,6916.42816424,2033.92822266,0.145577967167,2377690,25428.4237793,-0.0317058921596,229175.477146,0.0191067043242,2007.43225098,0.673709392548,56,-0.0339723788202,0.391501569854,2122.9375,1975.21069336,,343.774263758,-0.0656197294593,-10577.457207
0.894300758839,1140.0,1970.56262207,199322.866288,0.87544798851,9941.28516485,1140.0,7052.03174067,2057.88037109,0.145565152168,2425024,66401.3439453,-0.0317864872319,232375.664336,0.0219626639206,2019.86865234,0.673729777336,57,-0.171125173569,0.390100130562,2127.21403509,1964.14526367,,343.875933799,-0.0130213433877,-10480.8979883
0.805577218533,1160.0,1978.29553223,200409.181467,0.880796432495,9962.21593094,1160.0,7188.99274802,2085.29052734,0.145555019379,2475784,16717.3197168,-0.0307903023438,234139.728315,0.0219626639206,2047.53271484,0.673738718033,58,-0.392075389624,0.389128460628,2134.29655172,1972.78601074,,344.385380091,-0.0849092975259,-10564.1963477
0.838109493256,1180.0,2031.10791016,200712.227614,0.839470863342,9987.33974816,1180.0,7318.73520541,2017.33691406,0.145539209247,2515501,20111.3413232,-0.030142874374,238935.557881,0.0237824178999,1976.97009277,0.673756599426,59,-0.326287776232,0.387566609064,2131.78050847,2030.46850586,,343.707065415,-0.312425166368,-10617.3341016
0.896095633507,1200.0,1993.18859863,202401.230291,0.868273079395,10013.2297432,1200.0,7479.49659753,2025.71508789,0.145517095923,2573019,26191.5361377,-0.0289075529241,254992.124682,0.0215299126758,1986.1932373,0.673767566681,60,-0.255505591631,0.38569380601,2144.1825,1987.71569824,,344.009649105,-0.260580331087,-10761.8320508
0.902271211147,1220.0,2015.38061523,201920.125109,0.872061491013,9997.78946521,1220.0,7589.29447603,2062.5234375,0.145516857505,2614500,69375.6117578,-0.0293562006329,244181.005739,0.01799937977,2025.56237793,0.673744082451,61,-0.197004199028,0.385593408133,2143.03278689,2009.09265137,0.23663110584,344.49842581,-0.214225113392,-10675.4125195
0.865323007107,1240.0,1965.62219238,202197.355453,0.863517701626,9984.34448829,1240.0,7719.37684035,2121.16210938,0.145506933331,2664698,36898.2288281,-0.0297034813405,234966.531924,0.01799937977,2078.25561523,0.673714160919,62,-0.387403607368,0.385487580469,2148.95,1962.70471191,,345.195998992,-0.289236813784,-10510.5529297
0.880170166492,1260.0,1937.31628418,202930.862343,0.880723297596,10019.9071902,1260.0,7856.8333323,2229.07202148,0.145495668054,2708087,15256.2985303,-0.0292576435869,232182.360506,0.01799937977,2182.53271484,0.673744499683,63,-0.219634577632,0.383500197854,2149.27539683,1934.85314941,,344.679196499,-0.230177149177,-10603.1320898
0.906159043312,1280.0,1960.03405762,203530.473246,0.855455815792,10018.9720616,1280.0,8009.01188326,2202.82324219,0.145486354828,2760328,15990.9956836,-0.0288080218825,236785.771708,0.0211056883402,2156.88330078,0.673726499081,64,-0.17367772758,0.3826870203,2156.50625,1954.80041504,,344.652753702,-0.15683786571,-10462.1171094
0.870249271393,1300.0,1900.00598145,204325.021745,0.920906841755,10036.1779921,1300.0,8160.7932446,2198.08959961,0.145484700799,2809398,17392.9618066,-0.0292167527729,227410.519202,0.0211056883402,2148.17724609,0.67374676466,65,-0.0346811749041,0.381728559252,2161.07538462,1896.57556152,,344.255505047,0.0358718298376,-10322.8857812
0.627947747707,1320.0,1922.55053711,204143.011536,0.637154221535,10021.8524275,1320.0,8289.03104424,2139.74414062,0.145489364862,2855046,43067.7923535,-0.0305043692189,231262.225951,0.0211056883402,2097.98608398,0.673727452755,66,-0.655177116394,0.382412880021,2162.91363636,1917.78845215,,344.436639791,-0.649483203888,-10412.9777344
0.932430565357,1340.0,1936.82226562,203035.260242,0.904118478298,9982.01710547,1340.0,8413.59577394,2172.73974609,0.145512729883,2898353,65203.116333,-0.0321213899525,213425.279629,0.0228544361461,2128.30029297,0.673689186573,67,0.146688863635,0.383857813269,2162.95,1928.296875,,344.484460375,0.0984807834029,-10535.0035547
0.707174420357,1360.0,1987.33972168,204781.378527,0.850562810898,10022.4816637,1360.0,8577.94397807,2178.43896484,0.145505070686,2953888,20619.1092725,-0.0317454296585,228097.882445,0.0228544361461,2145.97558594,0.673738360405,68,-0.545976400375,0.38163541744,2171.97647059,1978.58679199,,344.358509166,-0.282930463552,-10435.7899414
0.84445977211,1380.0,1980.29162598,204703.571124,0.912192225456,10033.0736851,1380.0,8704.80468917,2171.89306641,0.145500719547,2993650,17904.4447729,-0.0311473405829,219719.223953,0.0228544361461,2125.8918457,0.673754692078,69,-0.423762232065,0.380072287751,2169.3115942,1973.21984863,0.188612901047,343.907773568,-0.0467477738857,-10556.0129297
0.778222501278,1400.0,1966.37329102,205555.276801,0.767871797085,10051.1614339,1400.0,8865.95002723,2123.32763672,0.145502388477,3043846,52477.2019873,-0.0316353036515,221548.592517,0.0228544361461,2095.18457031,0.673782408237,70,-0.357248663902,0.379297214982,2174.17571429,1957.76965332,,343.318650641,-0.432478159666,-10620.3160937
0.56592386961,1420.0,1944.40478516,205688.670948,0.810881137848,10064.0973641,1420.0,8994.22201109,2242.828125,0.1455001086,3088481,19281.8190625,-0.0313751527767,226091.375178,0.0228544361461,2205.64916992,0.673789262772,71,-0.727601528168,0.378228479408,2174.98661972,1935.76489258,,343.385008308,-0.37308511138,-10617.8491016
0.841865718365,1440.0,1923.30725098,207041.520294,0.82305431366,10089.027075,1440.0,9164.65903664,2064.2644043,0.145477518439,3144265,16412.737207,-0.0304724601708,260725.404994,0.0198825131376,2031.62805176,0.67380720377,72,-0.332596242428,0.376100629415,2183.51736111,1913.12475586,,343.085867945,-0.335510730743,-10502.8782422
0.924043357372,1460.0,1933.32910156,207162.519479,0.878301680088,10103.0856928,1460.0,9280.79498243,2122.34838867,0.145460829139,3184400,13917.9003223,-0.0303447306498,239546.036427,0.0233138103126,2092.68237305,0.673814594746,73,-0.201732873917,0.374972229959,2181.09589041,1921.67834473,0.179169865847,343.117158177,-0.203624010086,-10518.8788086
0.862391769886,1480.0,1920.64672852,206579.742356,0.82594794035,10092.7584715,1480.0,9408.89629745,2164.18432617,0.145458191633,3225603,18055.1458398,-0.0308579741653,232470.905369,0.0233138103126,2134.85791016,0.673799276352,74,-0.144500717521,0.375140405023,2179.46148649,1907.51464844,,342.824800914,-0.23387055099,-10529.1766211
0.905730247498,1500.0,1886.60339355,206708.58302,0.847319245338,10077.1873922,1500.0,9546.52447748,2148.02832031,0.145456343889,3278820,52389.7741455,-0.0312251944654,222854.870099,0.0233138103126,2111.76147461,0.673783540726,75,-0.133063331246,0.374036326165,2185.88,1879.04675293,,343.456931131,-0.151249319315,-10464.6308008
0.852176845074,1520.0,1887.17028809,207133.302084,0.880656778812,10086.4480774,1520.0,9685.09982109,2202.92553711,0.145431175828,3327005,18704.5525391,-0.0308268436868,227647.064229,0.0233138103126,2152.96923828,0.673778235912,76,-0.298877090216,0.372462958072,2188.81907895,1880.89660645,,343.517884323,-0.0929283127189,-10468.0544727
0.873417794704,1540.0,1879.33605957,208304.933756,0.831381380558,10115.8801387,1540.0,9825.41316485,2238.27783203,0.145420879126,3379180,12885.4134668,-0.0303858054605,226498.087599,0.0233138103126,2207.37402344,0.673811197281,77,-0.168872371316,0.37065698763,2194.27272727,1870.66699219,,343.92243291,-0.277897030115,-10508.2603906
0.864986360073,1560.0,1921.17675781,208254.368983,0.880097091198,10123.3972256,1560.0,9952.62958932,2219.15283203,0.145401790738,3419827,15742.0784326,-0.0299708866403,224195.371739,0.0233138103126,2177.84277344,0.673812389374,78,-0.132473096251,0.369711520859,2192.19679487,1911.92675781,,343.61039656,-0.10623575002,-10587.9704492
0.879851520061,1580.0,1918.77172852,209578.606717,0.846997737885,10148.6176608,1580.0,10125.9704907,2182.90087891,0.145398706198,3476716,24775.5920752,-0.0293958974328,253961.799256,0.0233138103126,2151.41650391,0.673852980137,79,-0.0790835693479,0.367521884442,2200.45316456,1908.32434082,,343.346447947,-0.270147114992,-10518.1424609
0.889791488647,1600.0,1925.75366211,210172.847376,0.925946176052,10163.9478586,1600.0,10269.0962293,2159.95019531,0.145395323634,3525819,22215.8606592,-0.028987133278,262136.812702,0.0233138103126,2121.12890625,0.673880577087,80,-0.177508369088,0.366244082345,2203.636875,1920.75097656,,343.342677999,-0.0154423089698,-10496.9135156
0.867897748947,1620.0,1872.3046875,210964.600554,0.908674776554,10167.4354269,1620.0,10412.3714221,2160.96337891,0.145380333066,3581378,79500.3539551,-0.0293994688342,269200.337288,0.0233138103126,2119.30224609,0.673878490925,81,-0.0910539329052,0.365529265822,2210.72716049,1867.44824219,,343.954115238,-0.0537104308605,-10592.3534766
0.882465004921,1640.0,1837.81542969,211099.347132,0.893277168274,10183.5226931,1640.0,10539.2627625,2188.03125,0.14537923038,3623972,19411.0004541,-0.0288110301533,254133.313136,0.0233138103126,2149.37109375,0.673895835876,82,-0.0949276685715,0.364540175854,2209.73902439,1831.15661621,,343.854411988,-0.0704401656985,-10625.4494531
0.915731072426,1660.0,1869.95959473,211559.317157,0.865220606327,10190.5104583,1660.0,10683.1553531,2124.87890625,0.14538359642,3674010,18253.9448633,-0.02822275488,263116.508671,0.0202821516517,2087.15429688,0.673916757107,83,-0.139563784003,0.363452370296,2213.25903614,1866.33044434,,343.9068214,-0.226628109813,-10566.0631836
0.9018689394,1680.0,1861.06713867,212601.621248,0.870652139187,10215.8963591,1680.0,10831.857969,2165.85351562,0.145371899009,3725883,14916.9419043,-0.0276239693823,260365.250837,0.0202821516517,2126.26831055,0.673942506313,84,-0.0767700597644,0.36207300353,2217.7875,1854.57543945,,343.974506557,-0.127602502704,-10760.603125
0.917031466961,1700.0,1868.24267578,213165.063847,0.843282341957,10219.0711091,1700.0,10979.1732361,2184.47753906,0.14535485208,3778167,9982.59351074,-0.0271532849937,261040.527395,0.0202821516517,2150.98706055,0.673955917358,85,-0.0768011659384,0.360954698048,2222.45117647,1862.25866699,,344.121266578,-0.224369049072,-10643.442207
0.900983393192,1720.0,1882.55432129,213886.539578,0.89860612154,10234.4435591,1720.0,11128.930141,2186.66699219,0.145341455936,3827944,13662.1664111,-0.0267258713891,261221.951764,0.0202821516517,2136.86035156,0.673974573612,86,-0.120962508023,0.359645286935,2225.54883721,1875.95947266,,343.963341625,-0.0935531333089,-10702.8862109
0.90475165844,1740.0,1914.72460938,214873.421635,0.886847913265,10260.9740439,1740.0,11273.4276397,2216.23291016,0.145332247019,3878130,15030.6852148,-0.026545120958,276768.243473,0.0202821516517,2166.99487305,0.673999249935,87,-0.101037867367,0.358395226642,2228.81034483,1908.50549316,,344.00628841,-0.120016224682,-10926.1676367
0.843365907669,1760.0,1908.03686523,215829.710857,0.810953438282,10268.3305361,1760.0,11448.196892,2215.2175293,0.145317643881,3935959,16530.046543,-0.0261626954031,286718.246273,0.0202821516517,2167.01464844,0.674014270306,88,-0.372204184532,0.357457316654,2236.34034091,1903.31604004,,343.806019159,-0.406863689423,-10929.7105469
0.917448997498,1780.0,1909.89453125,216312.790556,0.90931391716,10275.7438325,1780.0,11603.9973791,2269.89868164,0.145326957107,3986228,16428.3058643,-0.025789893836,278660.434929,0.0202821516517,2212.16845703,0.674050629139,89,-0.115200556815,0.356189089926,2239.45393258,1907.7935791,,343.521966593,-0.138365417719,-11036.2344922
0.795320689678,1800.0,1886.51025391,214900.434975,0.806928575039,10249.4864836,1800.0,11706.1898792,2427.29882812,0.145339727402,4018278,15985.5770947,-0.0248519781002,244401.74414,0.0202821516517,2368.97607422,0.674023628235,90,-0.465555340052,0.356618438897,2232.37666667,1888.47216797,,343.260962061,-0.443096011877,-10911.1548633
0.864980697632,1820.0,1912.97998047,214542.136801,0.896858632565,10247.738029,1820.0,11821.8281534,2308.44775391,0.145347207785,4057633,15342.7016797,-0.0250693168558,225818.409042,0.0237824178999,2236.66381836,0.674022912979,91,-0.11978250742,0.356004002151,2229.46868132,1913.58959961,,343.23227739,-0.159218847752,-10899.7085547
0.8991497159,1840.0,1969.6550293,215082.172352,0.904758036137,10265.7009535,1840.0,11962.4082448,2198.66357422,0.145331636071,4105153,23487.945127,-0.0246829214878,218714.434827,0.0237824178999,2133.08447266,0.674043595791,92,-0.014049182646,0.354851709446,2231.06141304,1972.68591309,,343.171117051,-0.074288867414,-10841.4898437
0.894060373306,1860.0,1933.03417969,215603.958531,0.920754849911,10287.2230039,1860.0,12097.1890972,2318.37109375,0.145321190357,4149805,29822.7770996,-0.0244356734546,211630.717599,0.0237824178999,2257.00952148,0.674068331718,93,-0.0822945907712,0.353561695544,2231.07795699,1934.27380371,,343.038780883,-0.0391171760857,-10813.6031641
0.87628775835,1880.0,1958.42602539,215919.044226,0.764589011669,10294.5397299,1880.0,12240.1090677,2202.17236328,0.14531801641,4198624,15687.6083008,-0.0242246117916,208910.359547,0.0237824178999,2148.75683594,0.674076378345,94,-0.327353805304,0.352383768402,2233.3106383,1962.66809082,,343.021780017,-0.47370159626,-11070.7861914
0.775976836681,1900.0,1933.3170166,216282.411634,0.77399212122,10293.4763419,1900.0,12394.0174608,2193.87573242,0.145322397351,4251472,17147.4123535,-0.0232249985938,241157.991507,0.0237824178999,2136.19018555,0.674079358578,95,-0.455505281687,0.352777801442,2237.61684211,1937.13415527,,343.026142527,-0.46285250783,-11077.0190039
0.813597977161,1920.0,1885.57580566,217225.76626,0.845869958401,10311.2048796,1920.0,12559.959373,2179.86425781,0.145308181643,4307372,17456.2401172,-0.0223554997364,266067.822413,0.0237824178999,2124.75268555,0.674095034599,96,-0.401334732771,0.351844478221,2243.42291667,1890.61608887,,342.944739874,-0.31767809391,-11159.9396484
0.876805603504,1940.0,1846.60913086,216979.36167,0.848384022713,10308.5471623,1940.0,12676.3110876,2072.75415039,0.1453114748,4348669,44324.37854,-0.0216911053946,251887.645122,0.0237824178999,2012.25585938,0.674084126949,97,-0.319963365793,0.351379069946,2241.58195876,1853.1619873,,343.054771214,-0.31163290143,-11128.9574219
0.901705563068,1960.0,1817.08618164,217002.604834,0.870411336422,10309.4119876,1960.0,12808.8866405,2175.62841797,0.145305901766,4394205,79604.1261572,-0.0208486632859,243017.426066,0.0247480794341,2114.37597656,0.674085497856,98,-0.157422825694,0.351039429973,2241.94132653,1824.72912598,,343.059090404,-0.236701145768,-10988.2088477
0.898092508316,1980.0,1862.03283691,217720.874501,0.90372210741,10321.544091,1980.0,12974.892539,1986.65917969,0.145295336843,4448939,84331.9270068,-0.0209466322606,251595.283681,0.0211056883402,1914.54907227,0.674098491669,99,-0.248002454638,0.350123771251,2246.93888889,1870.92004395,,342.888311916,-0.213718369603,-10902.4878906
0.904122769833,2000.0,1838.76489258,218344.830059,0.877566099167,10332.3099782,2000.0,13143.2315817,2021.4362793,0.145288914442,4502376,21517.5696533,-0.0206762001983,257530.780139,0.0211056883402,1964.78491211,0.674131274223,100,-0.115500949323,0.348877315719,2251.188,1844.16491699,,342.562327386,-0.205271139741,-11056.8698438
0.881145715714,2020.0,1830.79663086,219474.093728,0.883285164833,10357.5261865,2020.0,13327.5671887,1996.04663086,0.145276471972,4557427,19305.1310791,-0.0202032188833,262641.981118,0.0211056883402,1936.15441895,0.67417538166,101,-0.172204807401,0.347495817564,2256.1519802,1836.49499512,,341.954907108,-0.166031420231,-11090.6216211
0.858174920082,2040.0,1890.25598145,219153.707441,0.887320697308,10364.6458516,2040.0,13446.9042852,1956.14196777,0.145275369287,4592453,16041.2374268,-0.0200286083463,261336.015397,0.0211056883402,1905.81506348,0.674181878567,102,-0.192487120628,0.346804935489,2251.20245098,1897.07592773,,341.524926675,-0.148383781314,-11030.0442773
0.892347991467,2060.0,1844.38439941,219706.108917,0.906707048416,10372.1770419,2060.0,13598.9311638,1897.94506836,0.145263165236,4646142,15319.5613916,-0.0197125637635,272694.788953,0.0211056883402,1838.76367188,0.674203455448,103,-0.154416456819,0.345507189,2255.40873786,1858.61071777,,341.654939204,-0.12848430872,-11300.5004297
0.903218269348,2080.0,1824.30895996,219471.032682,0.903428077698,10376.1156373,2080.0,13731.6299255,1908.7130127,0.145250558853,4684605,17243.5057813,-0.0192462697507,254124.164665,0.0211056883402,1862.88769531,0.674216151237,104,-0.136685341597,0.344765837661,2252.21394231,1826.08068848,,341.154329487,-0.141470193863,-11006.8375977
0.894578158855,2100.0,1757.52124023,220270.039943,0.920851707458,10385.7221878,2100.0,13882.3164256,1847.34033203,0.145228132606,4741722,19140.5060742,-0.0190236605784,258774.237608,0.0211056883402,1806.0111084,0.674241364002,105,-0.0813052430749,0.34323482583,2257.96285714,1754.57336426,,341.56561878,-0.0778678432107,-10987.1199023
0.874109745026,2120.0,1765.56091309,219456.508879,0.884640097618,10350.8345324,2120.0,14007.2603698,1861.54614258,0.145251274109,4789830,23289.5649902,-0.0185458732309,219101.294932,0.0211056883402,1829.15185547,0.674204945564,106,-0.217910900712,0.342380673434,2259.35377358,1759.22387695,,341.953378002,-0.173362955451,-10967.0757031
0.873879909515,2140.0,1689.5480957,219288.692537,0.88515907526,10354.6201225,2140.0,14131.5376668,1851.77294922,0.145239964128,4830155,12350.4999023,-0.0183307868094,222042.388497,0.025752950699,1821.37585449,0.674212217331,107,-0.180308148265,0.34166997327,2257.0817757,1683.86499023,,341.799676291,-0.148166760802,-10705.0057812
0.888099849224,2160.0,1645.67797852,219288.314311,0.905799746513,10360.8916723,2160.0,14249.8753052,1878.69384766,0.145228907466,4874610,18529.3672461,-0.0182431758236,210681.745414,0.0215299126758,1836.62670898,0.674221694469,108,-0.168146386743,0.340721011067,2256.76388889,1643.11364746,,342.08088812,-0.0912088677287,-10767.1052148
0.871915996075,2180.0,1626.68908691,219603.467186,0.903751850128,10370.6971042,2180.0,14384.7229302,1936.9855957,0.145216375589,4922344,34828.4630078,-0.0178595089849,222358.104866,0.0215299126758,1909.19445801,0.674243748188,109,-0.143122181296,0.339758436441,2257.9559633,1622.70178223,,342.192479055,-0.0918776094913,-10659.5083984
0.836639761925,2200.0,1679.59814453,220813.974196,0.84078258276,10386.7536621,2200.0,14585.426012,1868.93054199,0.145203113556,4986935,17674.4219189,-0.0174871088168,232236.593512,0.0215299126758,1845.52758789,0.67428869009,110,-0.297561824322,0.338315502323,2266.78863636,1673.86853027,,341.912193438,-0.308422476053,-10741.2716406
0.91387963295,2220.0,1632.6048584,220466.38075,0.886808037758,10381.0267085,2220.0,14711.3056505,1865.92687988,0.145195320249,5028678,32832.9649072,-0.0177676669903,241875.664418,0.0215299126758,1822.52392578,0.67427521944,111,-0.0448897145689,0.338328751236,2265.17027027,1627.16235352,,341.824044682,-0.117053247988,-10928.3774023
0.890156269073,2240.0,1673.85949707,220180.218889,0.886109888554,10383.7411273,2240.0,14830.8836081,1886.23388672,0.145181804895,5066801,16977.7101221,-0.0176019286136,239258.882821,0.0247480794341,1861.11779785,0.674284636974,112,-0.0149370646104,0.337700772236,2261.96473214,1668.56896973,,341.638511493,-0.0296145733446,-10909.3651562
0.870035648346,2260.0,1661.64892578,218885.90607,0.907404959202,10333.6207017,2260.0,14957.4229946,1814.65307617,0.145233258605,5111214,19427.2689746,-0.0192672736987,210193.888066,0.0247480794341,1770.06774902,0.674224257469,113,-0.0715320929885,0.338883523414,2261.59911504,1660.15026855,,341.717554009,-0.0186682231724,-10466.9345703
0.923529446125,2280.0,1644.02355957,219015.053748,0.894089639187,10338.8057855,2280.0,15089.8420525,1738.46838379,0.145232185721,5157170,17243.7643262,-0.0188485998254,206187.640798,0.0211056883402,1701.75842285,0.674233496189,114,0.0119249681011,0.337985148132,2261.91666667,1638.71179199,,341.76434598,-0.0554549731314,-10574.0189453
0.806387364864,2300.0,1575.36804199,219270.693474,0.854181468487,10343.9932921,2300.0,15245.162535,1672.45935059,0.14523024857,5205426,15852.8797168,-0.0181145184948,185318.517601,0.0211056883402,1634.99389648,0.674253702164,115,-0.36301445961,0.337540631963,2263.22869565,1574.63928223,,341.447720749,-0.227516889572,-10708.1288477
0.847746431828,2320.0,1685.44885254,219356.8114,0.848190188408,10340.3791971,2320.0,15381.2500529,1599.37597656,0.145226716995,5253522,21698.4492383,-0.0176412855392,194724.37182,0.0211056883402,1556.88781738,0.674247920513,116,-0.182229086757,0.336881936871,2264.44913793,1685.96984863,,341.553643684,-0.247000768781,-10579.8579883
0.882901489735,2340.0,1680.66296387,219495.825112,0.893325150013,10343.2735302,2340.0,15515.7819791,1557.11572266,0.145213246346,5300991,15484.3369434,-0.0168391557994,204165.404509,0.0202821516517,1511.13183594,0.674249827862,117,-0.181047782302,0.336789125344,2265.38076923,1684.35827637,,341.651552409,-0.122346125543,-10568.6593945
0.885035395622,2360.0,1691.26293945,219580.011687,0.900018453598,10350.0935904,2360.0,15658.3536763,1635.86437988,0.145196810365,5344066,24574.4980762,-0.0164663329511,235266.798628,0.026270585008,1594.83288574,0.674264132977,118,-0.0918043330312,0.33621536808,2264.43474576,1690.90917969,,341.291690715,-0.0894979834557,-10405.4599805
0.911315262318,2380.0,1700.13745117,219352.460155,0.900166988373,10356.2907295,2380.0,15761.1704123,1644.97839355,0.145184203982,5379767,17719.8967773,-0.0161655097491,227045.326228,0.026270585008,1600.28710938,0.674270570278,119,0.108042620122,0.335810439088,2260.40630252,1699.08398438,,341.330425296,-0.00863427575678,-10564.5921484
0.870061635971,2400.0,1697.13037109,219318.018296,0.863281309605,10365.5440375,2400.0,15878.0090878,1721.90979004,0.145176663995,5418770,14240.3088477,-0.0158940393789,220406.48919,0.026270585008,1688.95812988,0.674279630184,120,-0.23467695713,0.33537061418,2257.82083333,1695.14794922,,341.275154211,-0.160450324416,-10553.9754688
0.922564923763,2420.0,1701.64685059,218866.707461,0.891415596008,10368.4308989,2420.0,15977.1971974,1818.76867676,0.145167306066,5450830,16372.752959,-0.0157786502184,207496.296075,0.0301973600334,1771.88891602,0.674286305904,121,0.0829620137811,0.334997016492,2252.40909091,1705.43029785,,341.163092165,0.0323304198682,-10560.8737305
0.887630820274,2440.0,1730.02661133,218806.824092,0.873955965042,10375.2462638,2440.0,16114.7549391,1829.67773438,0.145155340433,5491819,17240.4823633,-0.015404061907,202684.200219,0.0301973600334,1793.12695312,0.674311995506,122,-0.0428656898439,0.334267801601,2250.7454918,1727.32324219,,340.794447124,-0.0508573167026,-10592.1550781
0.899414241314,2460.0,1746.39697266,219048.030905,0.85481107235,10390.2595332,2460.0,16248.3330131,1781.22338867,0.145149216056,5534265,18552.3860986,-0.0150918887402,206493.284457,0.0301973600334,1748.80871582,0.674340069294,123,-0.064943574369,0.333566315007,2249.70121951,1745.14160156,,340.605094415,-0.0972247719765,-10599.5757227
0.816786587238,2480.0,1762.65588379,218944.497437,0.861988604069,10392.0519726,2480.0,16375.9517174,1795.42492676,0.145143985748,5576890,17306.6627588,-0.014811396443,209234.98475,0.0290190694473,1758.96960449,0.674350500107,124,-0.297203600407,0.332908511234,2248.74596774,1761.85693359,,340.553642087,-0.248270824552,-10660.6860156
0.886029005051,2500.0,1745.63903809,218898.642618,0.839214265347,10394.3921088,2500.0,16514.2691689,1754.63696289,0.145137995481,5621529,13829.8261475,-0.0144869257437,208833.62636,0.0290190694473,1725.37915039,0.674362242222,125,-0.0992046892643,0.332355135603,2248.6116,1744.87243652,,340.404346237,-0.305454730988,-10543.8549219
0.884881258011,2520.0,1727.92626953,218826.670675,0.772551655769,10395.1018869,2520.0,16644.2410278,1775.92614746,0.145133078098,5665622,29523.3999023,-0.0143317612122,217857.780451,0.0290190694473,1748.72668457,0.674374103546,126,-0.222681477666,0.331703512745,2248.26269841,1724.39770508,,340.395334971,-0.431357771158,-10467.5394141
0.822453320026,2540.0,1733.20593262,218826.341411,0.872708261013,10388.3779186,2540.0,16790.1174881,1840.93676758,0.145129919052,5715805,20123.2597656,-0.0139708108839,219302.56399,0.0290190694473,1805.89453125,0.674372315407,127,-0.342287778854,0.331263337015,2250.31692913,1735.76538086,,340.42674234,-0.19093541801,-10230.5380469
0.88934648037,2560.0,1740.97460938,218860.231108,0.865826427937,10392.6312961,2560.0,16929.0115759,1892.14367676,0.145129770041,5761085,27632.4560352,-0.013767985254,214240.356104,0.0290190694473,1860.66772461,0.674385011196,128,-0.224885821342,0.330594077511,2250.42382812,1742.29577637,,340.308409275,-0.224503174424,-10568.6653906
0.884510576725,2580.0,1751.51062012,218278.758101,0.883895337582,10382.1125421,2580.0,17049.0281489,1975.35754395,0.145139247179,5798057,21078.8062744,-0.0129151454272,201768.422564,0.0233138103126,1928.97314453,0.674382567406,129,-0.136093422771,0.33124540891,2247.30891473,1754.78564453,,340.081378796,-0.0658792406321,-10603.9517578
0.88841766119,2600.0,1795.66662598,218555.378721,0.874560534954,10386.4712232,2600.0,17187.2088859,1948.2545166,0.1451189816,5846834,13917.9374023,-0.0126527714606,209973.781292,0.0233138103126,1910.80822754,0.674385428429,130,-0.111792840064,0.330650427514,2248.78230769,1795.34326172,,340.18519463,-0.195069849491,-10727.4882422
0.771513640881,2620.0,1812.09265137,219417.912142,0.864513456821,10399.7747775,2620.0,17358.0958526,2043.0814209,0.145107537508,5907032,13348.4161426,-0.0125337975894,234317.197113,0.0202821516517,2004.52026367,0.674416124821,131,-0.423369735479,0.329785290151,2254.59236641,1815.48400879,,340.304146846,-0.237125039101,-10582.4927148
0.83351534605,2640.0,1747.57226562,219941.52146,0.860281288624,10405.482135,2640.0,17522.527066,1996.38476562,0.145093917847,5963652,39680.3156104,-0.0123424662906,248267.094711,0.0202821516517,1964.71105957,0.674434483051,132,-0.400133579969,0.328928033393,2258.95909091,1744.61706543,,340.342005325,-0.205856204033,-10368.5407812
0.920329809189,2660.0,1819.46972656,220116.937566,0.851970672607,10401.7851331,2660.0,17684.4891517,2020.88928223,0.145086333156,6015230,34881.7558301,-0.0121903414845,252288.622875,0.0202821516517,1986.34667969,0.674430131912,133,-0.0816292986274,0.32838308632,2261.36466165,1818.4732666,,340.141575388,-0.227713942528,-10657.6408789
0.90019506216,2680.0,1833.03442383,220533.44103,0.876062452793,10407.4198553,2680.0,17817.1073675,2112.94580078,0.145062699914,6067068,17278.4916113,-0.0121766061876,278704.260616,0.0206898228999,2070.30957031,0.674426972866,134,-0.0364878028631,0.327820395379,2263.83134328,1830.96643066,,340.51924787,-0.0722938925028,-10607.1979297
0.916044890881,2700.0,1807.42553711,220661.893112,0.889877378941,10415.2477675,2700.0,17966.5510087,2210.23730469,0.145052477717,6111213,14572.9617188,-0.011987827418,275431.267285,0.0202821516517,2172.20996094,0.674444615841,135,-0.0303318575025,0.32727435628,2263.41222222,1804.6751709,,340.143915047,-0.139431938529,-10962.7675195
0.877038300037,2720.0,1797.95788574,220429.127065,0.887344181538,10416.5502077,2720.0,18095.2363436,2164.85668945,0.145037636161,6150085,16751.5436621,-0.0117396597675,246922.958057,0.0252455158308,2116.47241211,0.674445211887,136,0.011264257133,0.326867721282,2261.06066176,1795.42980957,,339.873151321,0.0542369745672,-10730.5320508
0.885350108147,2740.0,1754.3145752,221017.141725,0.85890942812,10434.173858,2740.0,18265.3653195,2240.85546875,0.145034611225,6202113,54946.1594434,-0.0115739325372,249413.516723,0.0252455158308,2205.5546875,0.674490630627,137,-0.138376131654,0.32602302785,2263.54489051,1749.35656738,,339.555924095,-0.128548517823,-10789.0109961
0.868569195271,2760.0,1775.8770752,221351.429454,0.866481721401,10443.7970323,2760.0,18423.3037424,2166.92407227,0.145023629069,6250229,77716.801416,-0.0114527395788,254188.913677,0.0206898228999,2139.73168945,0.674514234066,138,-0.197814583778,0.325301554035,2264.57572464,1769.18041992,,339.256687475,-0.0896671786904,-11055.185957
0.90873080492,2780.0,1780.22143555,221512.414255,0.888677418232,10450.1561459,2780.0,18576.1166878,2201.92626953,0.145018354058,6296134,15379.8230713,-0.0112374167064,247748.896684,0.0206898228999,2165.4765625,0.674530088902,139,-0.0588258691132,0.324692688074,2264.79640288,1774.01196289,,338.937039739,0.0610492117703,-10891.9986133
0.907730281353,2800.0,1769.83532715,222043.293184,0.884468615055,10456.7933451,2800.0,18751.3630354,2219.54125977,0.144997000694,6351579,24162.9034375,-0.0110629636592,259341.095116,0.0206898228999,2184.50390625,0.674549937248,140,0.158283680677,0.323903229894,2268.42107143,1763.49047852,,338.726256219,-0.0399743430316,-10976.6050977
0.886208593845,2820.0,1765.54272461,222539.305219,0.885718524456,10472.1591893,2820.0,18904.9885437,2256.50317383,0.14499270916,6401583,39004.4466406,-0.0109352776538,279936.150997,0.0206898228999,2214.44238281,0.674587368965,141,-0.0854185149074,0.323124021844,2270.06489362,1758.19287109,,338.61871882,0.00249858456664,-10939.5849219
0.871188223362,2840.0,1758.67321777,222199.034929,0.860812187195,10465.8727247,2840.0,19032.7477109,2357.06640625,0.144990563393,6442806,12432.5163672,-0.0114417687022,254582.908732,0.0206898228999,2318.76123047,0.67458575964,142,0.0599353797734,0.323415236353,2268.59366197,1749.82788086,,338.511606303,0.133334025741,-10969.3229297
0.879544734955,2860.0,1774.34814453,221844.926208,0.868263423443,10464.6685623,2860.0,19153.3016939,2380.77539062,0.145000383258,6480157,22336.6013867,-0.011986924073,235465.436631,0.0206898228999,2350.26220703,0.67459243536,143,-0.0498430989683,0.323662201042,2265.78916084,1767.54125977,,338.331067069,0.0363348089159,-10834.3580859
0.867519259453,2880.0,1771.45678711,222403.522068,0.846191108227,10477.5035589,2880.0,19321.8459513,2370.66308594,0.144993662834,6533982,17052.4858789,-0.0118130244985,247176.319248,0.0206898228999,2337.58642578,0.674631953239,144,-0.0196746326983,0.322732530687,2268.74375,1762.0925293,,338.165515679,-0.199199035764,-10833.0518359
0.808047354221,2900.0,1796.15307617,222478.687819,0.813594281673,10482.4303529,2900.0,19468.3898842,2419.66162109,0.144987732172,6577514,18473.3673438,-0.011690078742,234669.73761,0.0198825131376,2395.45117188,0.674644052982,145,-0.249601647258,0.32219356576,2268.10827586,1788.64831543,,337.85608564,-0.281760007143,-10859.0861133
0.859418392181,2920.0,1776.9708252,222772.159988,0.800570368767,10486.8412703,2920.0,19636.4820395,2394.08203125,0.144968509674,6628076,54039.4748145,-0.0112344197022,229338.664469,0.0198825131376,2372.30883789,0.674642920494,146,-0.119664423168,0.321903743829,2269.8890411,1770.1036377,,337.53887212,-0.318422675133,-10919.3601563
0.843720376492,2940.0,1785.11950684,222677.643585,0.819489181042,10482.0148958,2940.0,19779.7256985,2356.64697266,0.144963309169,6674158,14502.5556689,-0.0110251857046,236270.129415,0.0198825131376,2331.31298828,0.674632430077,147,-0.233808740973,0.321511522231,2270.12176871,1778.18786621,,337.424193932,-0.243959322572,-10956.9530664
0.90036803484,2960.0,1803.6685791,222544.637209,0.86743491888,10486.1840269,2960.0,19908.4798136,2482.56591797,0.14495241642,6712471,49893.483291,-0.0109291843097,242556.371833,0.0215299126758,2446.7109375,0.674642980099,148,-0.0789761319757,0.321053390665,2267.72668919,1798.28735352,,337.166426711,-0.204167500138,-11058.4780273
0.713599860668,2980.0,1820.37768555,222232.778268,0.757023870945,10476.4782637,2980.0,20032.5480154,2429.53857422,0.144959464669,6755527,12097.2590771,-0.0102597719596,217315.356842,0.0215299126758,2396.18725586,0.674628674984,149,-0.544607400894,0.321141603142,2266.95536913,1813.63671875,,337.227545633,-0.456966638565,-10962.2530469
0.881091356277,3000.0,1828.73010254,221987.300123,0.889488697052,10476.0126412,3000.0,20164.1336443,2475.54541016,0.144952446222,6794770,12696.9959961,-0.010117782986,207737.056915,0.0215299126758,2430.42089844,0.674626588821,150,-0.194200709462,0.320747493642,2264.92333333,1820.18261719,,336.973069106,-0.0896755680442,-10973.6886914
0.744123458862,3020.0,1849.9239502,221957.491267,0.735317647457,10472.6471011,3020.0,20299.8132281,2518.1328125,0.144943371415,6841134,198147.97917,-0.0100759100802,198169.164617,0.0215299126758,2480.23144531,0.67461681366,151,-0.427238255739,0.320303425733,2265.27615894,1842.84057617,,337.004775518,-0.484248191118,-10985.2178516
0.889515280724,3040.0,1761.07263184,221634.537089,0.852581858635,10453.0154686,3040.0,20442.5009933,2360.86279297,0.144959494472,6891421,44348.9666211,-0.0102103691656,190967.206103,0.0215299126758,2343.79589844,0.67459076643,152,-0.124269805849,0.320392635134,2266.91480263,1762.84082031,,337.112420945,-0.179028868675,-10683.9082227
0.637318491936,3060.0,1779.71008301,222031.511211,0.720766663551,10444.8265891,3060.0,20631.9246244,2387.76757812,0.144968643785,6954973,19393.2915039,-0.0101783810243,206842.981683,0.0242604444997,2355.73754883,0.674606144428,153,-0.622911632061,0.319759993159,2272.86699346,1777.90539551,,337.097635175,-0.515952825546,-10734.5602734
0.897989690304,3080.0,1757.77612305,222358.81801,0.91244417429,10451.7917001,3080.0,20788.805012,2389.94287109,0.144955560565,7005404,16357.1651465,-0.0100599267603,226114.802308,0.0242604444997,2362.0847168,0.674617052078,154,-0.0522529371083,0.319147125574,2274.48181818,1761.61975098,,336.979638606,-0.135976299644,-10699.6504883
0.895611464977,3100.0,1743.49902344,222887.995324,0.894670307636,10458.3125422,3100.0,20967.774255,2360.58959961,0.144942492247,7062551,81628.2229102,-0.0099630324738,249908.851352,0.0242604444997,2332.50244141,0.674641609192,155,-0.0475594438612,0.318598782955,2278.24225806,1748.75170898,,336.828836199,-0.161998733878,-10890.4498828
0.897051095963,3120.0,1706.6295166,223363.015316,0.883493065834,10467.907415,3120.0,21140.5824981,2343.99707031,0.144925355911,7116005,15805.5945947,-0.0097792432393,265809.841589,0.0242604444997,2320.6003418,0.674665212631,156,-0.227086797357,0.317890898158,2280.77083333,1709.10827637,,336.604017446,-0.144984617829,-10832.959082
0.925572991371,3140.0,1704.56726074,223215.433941,0.8774548769,10470.7494445,3140.0,21272.0065222,2473.77001953,0.144915282726,7155041,16551.0809375,-0.0095238288456,271274.698239,0.0242604444997,2426.76464844,0.674679636955,157,0.0460956096649,0.317560158191,2278.67547771,1708.94250488,,336.359477539,-0.000225406140089,-10825.1874219
0.918307840824,3160.0,1643.23291016,223510.703634,0.873670816422,10481.0415502,3160.0,21433.6827672,2459.67919922,0.144901886582,7201830,13925.1078271,-0.00939065074826,268773.991768,0.0242604444997,2426.62133789,0.674704790115,158,-0.102105386555,0.317074499895,2279.06012658,1646.03674316,,336.005252958,-0.0790276527405,-10821.9320898
0.862939536572,3180.0,1660.40100098,223639.974613,0.878887176514,10489.1864868,3180.0,21566.4215362,2448.1730957,0.144888862967,7245004,19293.0858984,-0.00938400279026,263099.598011,0.0242604444997,2424.79931641,0.674720585346,159,-0.257812023163,0.316635909723,2278.30314465,1659.8729248,,335.939088821,-0.069799400866,-10858.3160352
0.908807516098,3200.0,1653.93334961,223635.358828,0.846629083157,10492.2428487,3200.0,21705.5442152,2367.15795898,0.144883170724,7288791,10424.604624,-0.00917683283016,246803.627471,0.0267986237667,2340.13037109,0.674734890461,160,-0.167418405414,0.316434897145,2277.7471875,1652.71972656,,335.803190546,-0.231490075588,-10767.0971094
0.877390444279,3220.0,1654.89025879,224107.253717,0.811275422573,10500.5946923,3220.0,21867.7145329,2218.39892578,0.144867300987,7343472,94496.7355371,-0.00896450886664,247327.491832,0.0267986237667,2202.18237305,0.674757838249,161,-0.336019039154,0.315841324031,2280.58136646,1652.27612305,,335.813419778,-0.337067216635,-10954.3864844
0.762031853199,3240.0,1693.52038574,223937.355806,0.685660243034,10504.1948703,3240.0,21989.7601407,2174.15258789,0.144858166575,7380590,30381.1227441,-0.00883414287326,246605.70235,0.0267986237667,2156.953125,0.674768745899,162,-0.558460533619,0.315592840466,2277.95987654,1690.64575195,,335.63758553,-0.609844982624,-10783.8733008
0.869399428368,3260.0,1692.95825195,223636.295217,0.867031931877,10501.4987809,3260.0,22109.3205206,2201.71386719,0.144863605499,7419419,20233.9596143,-0.00886725123439,227604.989246,0.0267986237667,2180.93164062,0.674764811993,163,-0.300121039152,0.315530650412,2275.89539877,1691.06201172,,335.578788732,-0.322783470154,-10830.3399805
0.920358896255,3280.0,1723.51013184,223468.021353,0.893155574799,10508.9896598,3280.0,22234.0656383,2093.87597656,0.144857496023,7453837,25298.4020605,-0.00876302295336,217999.907658,0.0267986237667,2074.91918945,0.674778103828,164,-0.044753164053,0.315266906799,2272.51128049,1720.69042969,,335.243995464,-0.259996175766,-10857.2504102
0.702505648136,3300.0,1726.11755371,223506.15144,0.774444460869,10512.5140863,3300.0,22355.2522252,2126.74511719,0.144859284163,7497924,76293.2648633,-0.00860161233109,219371.515026,0.0267986237667,2109.59472656,0.674781143665,165,-0.530072629452,0.315213526388,2272.09818182,1721.48400879,,335.398765555,-0.521551072598,-10819.2660547
0.801307559013,3320.0,1742.63378906,222936.999252,0.743748664856,10498.3747194,3320.0,22472.2801671,2117.82885742,0.144861161709,7535435,32223.3986719,-0.00923163709747,185254.805501,0.0267986237667,2100.11230469,0.674748659134,166,-0.429350286722,0.316024559448,2269.70933735,1737.35876465,,335.321335617,-0.531975388527,-10650.9006445
0.870898842812,3340.0,1744.6817627,222618.858301,0.881939232349,10486.2677738,3340.0,22613.3826447,2111.92163086,0.14487119019,7580316,18363.2670215,-0.00904194776388,179899.539143,0.0224041134654,2082.81445312,0.674727499485,167,-0.226495459676,0.316160925447,2269.55568862,1743.32836914,,335.213714778,-0.119290828705,-10631.146875
0.860230505466,3360.0,1705.83349609,223114.722381,0.89957344532,10497.9012262,3360.0,22765.1301548,2074.80517578,0.144855201244,7632006,72218.0450049,-0.00896767612735,206111.447935,0.0224041134654,2039.68383789,0.674751877785,168,-0.270913898945,0.315532013628,2271.43035714,1707.09619141,,335.24982937,-0.169327974319,-10540.735
0.850481808186,3380.0,1705.30566406,223801.710599,0.899221599102,10504.7106051,3380.0,22943.2479911,2111.94262695,0.144841253757,7694355,67952.346084,-0.00886008067249,234746.717895,0.0224041134654,2086.77685547,0.674778819084,169,-0.180603221059,0.314900484719,2276.43639053,1703.61096191,,335.364679098,-0.20734141767,-10819.5723047
0.834959685802,3400.0,1706.01330566,224036.912346,0.896633148193,10510.6447623,3400.0,23115.6491203,2121.44165039,0.144829198718,7742381,20076.0209766,-0.00874874336814,241552.022227,0.0224041134654,2092.12719727,0.674800992012,170,-0.353779435158,0.314454769166,2277.17088235,1703.6081543,,334.941102441,-0.215699478984,-10662.2066797
0.908494651318,3420.0,1687.89025879,223874.825168,0.8920545578,10512.8644997,3420.0,23226.8286223,2198.49414062,0.144822224975,7781374,15359.6753955,-0.00889211274893,255010.645575,0.0224041134654,2161.37353516,0.674800634384,171,-0.315335720778,0.31423916449,2275.25555556,1685.49328613,,335.01663643,-0.331407666206,-10841.9755078
0.940879523754,3440.0,1701.05493164,223695.335352,0.893183171749,10512.602608,3440.0,23345.2284098,2234.88769531,0.144825637341,7820061,11393.3869287,-0.00851713653804,259649.668881,0.0237824178999,2208.51074219,0.67480969429,172,-0.0734906941652,0.314502142237,2273.27354651,1700.76977539,,334.974705012,-0.17243309319,-10776.2441211
0.851528644562,3460.0,1693.8927002,223709.484085,0.855949938297,10519.0351868,3460.0,23471.5419776,2203.70483398,0.144813582301,7860604,22067.6142578,-0.0084361545409,243693.477321,0.0237824178999,2179.96948242,0.674820005894,173,-0.344591289759,0.314041343082,2271.85086705,1693.95324707,,334.899343532,-0.296384483576,-10976.326543
0.849608421326,3480.0,1678.89916992,223774.057081,0.83464050293,10524.304285,3480.0,23612.2216885,2220.74243164,0.144807770848,7905133,61977.8984863,-0.00831802210402,222839.368143,0.0237824178999,2196.8671875,0.674839258194,174,-0.242559418082,0.313615025282,2271.58994253,1673.36743164,,334.789885691,-0.338290899992,-11033.3372461
0.893743336201,3500.0,1726.78527832,223913.685558,0.884629666805,10518.3065585,3500.0,23768.4329221,2177.78173828,0.144794255495,7962366,13124.9566846,-0.00828187589371,219723.974788,0.0237824178999,2152.70751953,0.674824655056,175,-0.266369700432,0.312967583733,2274.96171429,1722.98791504,,334.9975165,-0.188422620296,-11263.1697656
0.899516403675,3520.0,1711.96411133,224048.71247,0.872791111469,10519.515907,3520.0,23912.098593,2195.26269531,0.144775897264,8012275,13871.7501611,-0.00809081408734,229995.658188,0.0237824178999,2170.04394531,0.674820721149,176,-0.0699548050761,0.312857096647,2276.21448864,1706.8302002,,335.072012556,-0.0668857768178,-11065.1505078
0.898450493813,3540.0,1702.54187012,224318.77077,0.879736721516,10526.0011294,3540.0,24068.0663161,2181.68383789,0.144762217999,8062449,18386.7535303,-0.0080679887434,245764.949141,0.0237824178999,2148.92895508,0.674841225147,177,0.0416154377162,0.312342662442,2277.5279661,1702.06884766,,334.985324292,-0.0436162166297,-11301.3443945
0.881056547165,3560.0,1699.59765625,224043.240063,0.892790198326,10526.5701727,3560.0,24187.7992802,2149.44775391,0.144751086831,8097850,79653.5553418,-0.00792745764186,235591.196917,0.0278867553541,2123.16992188,0.674843132496,178,0.0609061010182,0.312077189197,2274.67696629,1694.09655762,0.18202375114,334.790689562,0.0043952674605,-11084.9366211
0.897722363472,3580.0,1648.53540039,224214.829457,0.88123524189,10534.7700934,3580.0,24338.7794874,2095.90795898,0.144744902849,8143456,17869.7330225,-0.00785506869217,239553.708147,0.0278867553541,2061.07836914,0.674865603447,179,-0.0577648170292,0.31164542805,2274.70837989,1649.13952637,,334.587689749,-0.12744756043,-11002.6162891
0.916819036007,3600.0,1647.59729004,224274.504372,0.877905607224,10537.731607,3600.0,24500.294461,2100.95166016,0.144736468792,8189492,24139.5607617,-0.00766790594544,236903.162834,0.0278867553541,2063.20751953,0.67487847805,180,-0.0269178822637,0.311289054988,2274.85888889,1647.82263184,,334.260962171,-0.0635960996151,-11147.1494922
0.893771469593,3620.0,1662.640625,224448.658692,0.889538824558,10540.6487586,3620.0,24659.893652,2201.27148438,0.144724309444,8238292,18773.0569971,-0.00760260503031,238526.765696,0.0278867553541,2164.97924805,0.674906849861,181,-0.0419570058584,0.310716561763,2275.77127072,1663.15930176,,334.076542108,-0.0476961620152,-10972.1172656
0.879968941212,3640.0,1686.32946777,224253.509171,0.888881444931,10543.1843156,3640.0,24780.9938433,2162.02099609,0.14471103251,8274264,16877.2846387,-0.00756087824419,221943.248561,0.0278867553541,2129.17431641,0.674910366535,182,0.0259503964335,0.310355617585,2273.14945055,1687.75817871,,333.895567398,-0.0196233689785,-11005.0655469
0.908000469208,3660.0,1691.11987305,224131.86324,0.890288770199,10545.7309088,3660.0,24908.1857481,2206.38867188,0.144698753953,8313305,18009.0801611,-0.00752231659911,227286.848334,0.0278867553541,2172.87329102,0.674921035767,183,0.0442354567349,0.309957452033,2271.39480874,1693.8326416,,333.757949458,-0.0291229579598,-10777.4195312
0.847728252411,3680.0,1665.47595215,224214.970759,0.882717430592,10547.3429141,3680.0,25063.2357817,2140.93945312,0.14469742775,8361805,20530.3502734,-0.0075156938729,224220.029379,0.0278867553541,2105.10449219,0.674930930138,184,-0.304722636938,0.309642698977,2272.22961957,1663.1809082,,333.628310121,-0.142167255282,-10881.5849414
0.855027675629,3700.0,1649.25085449,223977.70354,0.886923730373,10539.119686,3700.0,25201.2057722,2147.93359375,0.144695401192,8408057,13069.3606396,-0.00773119576634,213292.87362,0.0278867553541,2111.94335938,0.674923241138,185,-0.279268592596,0.309555075379,2272.44783784,1654.84790039,,333.637091654,-0.0344353429973,-10879.4764844
0.903074979782,3720.0,1638.23779297,223928.939407,0.886492967606,10537.5265039,3720.0,25344.7637758,2166.91357422,0.144688218832,8453560,15853.7313916,-0.00793703142859,205115.1013,0.0242604444997,2126.17089844,0.674915671349,186,-0.0602935738862,0.309305297319,2272.46236559,1642.13476562,,333.542662886,-0.00971930939704,-10724.3388086
0.879888832569,3740.0,1649.74182129,223352.940208,0.852241277695,10513.3398843,3740.0,25475.4933941,2179.47241211,0.144721195102,8501184,38296.2534277,-0.00896221219407,190572.229968,0.0215299126758,2144.19335938,0.674862682819,187,0.108476616442,0.30990877913,2273.04385027,1646.96801758,,333.700465325,0.13307775557,-10479.6745313
0.868607759476,3760.0,1671.00842285,222652.236837,0.86507755518,10490.4007367,3760.0,25595.6096587,2049.52441406,0.144759595394,8543493,11679.986582,-0.010544663413,168497.91049,0.01799937977,2019.10864258,0.674811244011,188,-0.0866186320782,0.311772984,2272.20558511,1669.34326172,,333.787439093,-0.0195157881826,-10508.1217188
0.885060191154,3780.0,1678.79125977,222433.19865,0.878038346767,10487.2996644,3780.0,25718.4403272,2076.71362305,0.14475402236,8583352,19638.969043,-0.0105521345981,156863.985024,0.01799937977,2038.75952148,0.674809813499,189,0.184175565839,0.311534265331,2270.72804233,1676.14257812,,333.743099924,0.0582601390779,-10635.3833789
0.907407343388,3800.0,1675.48022461,222293.010255,0.863511919975,10492.1081413,3800.0,25851.6126626,2110.3918457,0.144749492407,8618904,84040.1181836,-0.0104438036938,159959.358692,0.01799937977,2082.75390625,0.674833238125,190,-0.0588847436011,0.311170299218,2268.13263158,1673.41503906,,333.399084711,-0.164228215814,-10656.7877344
0.919581532478,3820.0,1669.17858887,222235.166063,0.914596796036,10491.6731215,3820.0,25999.424438,2143.6472168,0.144748419523,8663478,15183.1381006,-0.0103588512473,159226.797664,0.01799937977,2101.61474609,0.674843430519,191,-0.130914971232,0.310747119016,2267.92617801,1669.57629395,,333.218068756,-0.0520473830402,-10465.1310938
0.908185005188,3840.0,1669.29602051,222246.048707,0.864752173424,10487.7108662,3840.0,26172.7366219,2081.51513672,0.144737541676,8714695,82728.7703027,-0.0104559547115,180848.306562,0.01799937977,2045.27612305,0.674840867519,192,-0.116027615964,0.310461607026,2269.45182292,1669.25354004,,332.968429168,-0.0569685399532,-10376.3703711
0.901424527168,3860.0,1639.48571777,221900.531102,0.873083412647,10479.7960869,3860.0,26295.8496919,2118.42480469,0.144741162658,8754353,84103.082229,-0.0104466934348,193636.395467,0.01799937977,2087.93798828,0.674820184708,193,-0.18585626781,0.310065184929,2267.96709845,1636.77990723,,332.917669616,-0.148132398725,-10313.8064844
0.879211843014,3880.0,1660.68334961,222038.531853,0.885080933571,10482.8997821,3880.0,26450.4798212,2075.96289062,0.14472655952,8802328,33413.939209,-0.0102675483198,207120.126935,0.01799937977,2031.53027344,0.674823820591,194,0.0561301968992,0.309590007166,2268.64123711,1660.87219238,,332.785191781,0.0557496100664,-10203.8383789
0.865027189255,3900.0,1586.5378418,221802.872099,0.886522591114,10485.808594,3900.0,26573.5598469,2155.21435547,0.144716501236,8835325,15148.2805859,-0.0101587529642,203177.622188,0.01799937977,2108.80810547,0.674832046032,195,0.0852671638131,0.309269695086,2265.46794872,1585.06018066,,332.485562752,0.0440063364804,-10251.2709375
0.889064908028,3920.0,1642.67346191,221809.938565,0.851264595985,10491.050433,3920.0,26717.7531302,2153.74511719,0.144707664847,8876977,15395.8998975,-0.0100870320475,205566.248136,0.01799937977,2124.93603516,0.674850106239,196,-0.136763632298,0.308879770543,2264.53494898,1637.40893555,,332.250131841,-0.228133037686,-10232.6009766
0.851051390171,3940.0,1638.29760742,222002.939995,0.876279652119,10489.7666513,3940.0,26888.2869446,2163.09375,0.144699424505,8930727,19077.350708,-0.0101088190918,212667.56546,0.01799937977,2120.85131836,0.674861133099,197,-0.215311869979,0.308488366332,2266.6819797,1634.72265625,,332.141910654,-0.0319256149232,-10223.0444141
0.875495791435,3960.0,1591.38720703,221935.339856,0.891635417938,10491.4501734,3960.0,27025.1718049,2208.36230469,0.144686445594,8971616,13410.6979932,-0.0100390599904,223278.95776,0.01799937977,2171.16430664,0.674867868423,198,-0.00940707325935,0.308133994477,2265.55959596,1584.91455078,,331.972579666,-0.040208812803,-10330.6574414
0.917786121368,3980.0,1597.86791992,221883.120577,0.896013796329,10495.0581737,3980.0,27159.4801116,2162.72900391,0.144674807787,9010414,17156.5874805,-0.00997960928467,215853.163058,0.01799937977,2137.79541016,0.674882173538,199,0.0333690568805,0.307796111537,2263.92311558,1591.17797852,,331.759443221,-0.00502855470404,-10226.2512891
0.872111439705,4000.0,1598.76342773,221995.871105,0.903946101665,10499.9740017,4000.0,27315.1521451,2173.76538086,0.144661292434,9055062,18893.6305029,-0.00987911531262,229522.832342,0.01799937977,2138.81884766,0.6748945117,200,-0.220358088613,0.307411087538,2263.7655,1595.22595215,,331.503260604,-0.0743422731757,-10172.4569141
0.876156747341,4020.0,1610.26025391,222209.21881,0.885965168476,10505.4939838,4020.0,27456.2178268,2167.71923828,0.144644707441,9102259,109683.318086,-0.0099339891813,237861.004428,0.0187302267662,2137.81054688,0.674905538559,201,-0.183086156845,0.306971416864,2264.24353234,1607.40234375,,331.519040875,-0.107114754617,-10197.3092188
0.864078462124,4040.0,1601.71960449,222080.115902,0.871300816536,10502.6348679,4040.0,27603.2775295,2171.19042969,0.144632861018,9144316,17747.5397705,-0.00988058696083,225120.84661,0.0198825131376,2139.55029297,0.674909293652,202,-0.159553095698,0.306602457076,2263.44455446,1600.29223633,,331.276457668,-0.139251366258,-10273.1298633
0.894613325596,4060.0,1584.06726074,222468.567889,0.916926562786,10506.9775552,4060.0,27784.6399345,2180.11523438,0.144618988037,9200986,23931.3679834,-0.00989116606975,243584.397975,0.0198825131376,2137.73925781,0.674939215183,203,0.0271012187004,0.306043413669,2266.25270936,1588.50097656,,331.153688573,-0.0134151903912,-10240.8651367
0.924765408039,4080.0,1604.89526367,222611.945387,0.906220197678,10511.6562015,4080.0,27938.0066981,2189.74633789,0.144604161382,9247216,14513.4618506,-0.00989072312614,251619.172851,0.0198825131376,2145.56665039,0.674952328205,204,-0.152126803994,0.305748576771,2266.4745098,1604.13110352,,330.990542737,-0.0324828177691,-10167.8714453
0.911226868629,4100.0,1611.96435547,223027.496101,0.856857776642,10516.7193562,4100.0,28116.2588925,2135.36621094,0.14459221065,9304500,17278.389668,-0.00970644207747,264292.495928,0.0183611673034,2103.65771484,0.674977302551,205,-0.173769950867,0.30552311209,2269.3902439,1615.18481445,0.209784671515,330.929517884,-0.204553171992,-10163.1106641
0.89600366354,4120.0,1672.8894043,222970.330122,0.889191806316,10514.7584995,4120.0,28259.6775627,2151.57568359,0.144591569901,9350077,11810.7947021,-0.00983684489773,253567.004854,0.0183611673034,2113.31420898,0.674980401993,206,-0.00962851196527,0.30516702084,2269.43616505,1675.0604248,,330.862833776,-0.0717597901821,-10181.0115039
0.878158509731,4140.0,1628.06921387,223268.901294,0.894732177258,10518.6657347,4140.0,28441.9159689,2105.24633789,0.14457282424,9403979,17057.9133594,-0.00978250899215,271295.831139,0.0183611673034,2056.51757812,0.674991667271,207,-0.123840160668,0.304713449858,2271.49251208,1631.1763916,,330.638027701,-0.0322992838919,-10315.0447852
0.884420275688,4160.0,1633.77514648,223376.770052,0.883407533169,10521.3888443,4160.0,28588.2360198,2095.56738281,0.144555494189,9449978,19465.7943945,-0.00976723468741,260249.777874,0.0191067043242,2052.59960938,0.674995422363,208,-0.0943376421928,0.304348503893,2271.62932692,1635.26879883,,330.554777617,-0.0246320217848,-10230.4642187
0.917690336704,4180.0,1587.14221191,223257.504031,0.875085830688,10523.6214579,4180.0,28720.900209,2176.37988281,0.144551604986,9487515,14413.8342432,-0.00983853076261,249596.296685,0.0191067043242,2133.27612305,0.675002574921,209,-0.0686700567603,0.304324356387,2269.74043062,1588.60461426,,330.334875682,0.000470096856588,-10601.0517773
0.922183215618,4200.0,1576.65075684,223401.614969,0.883320748806,10530.7461915,4200.0,28882.3844123,2160.78173828,0.144541144371,9531204,14267.4359619,-0.00980233808853,238740.488535,0.0191067043242,2120.91894531,0.675028502941,210,-0.030098227784,0.303947190831,2269.33428571,1573.49255371,,330.000593578,0.0217619016767,-10906.0276563
0.933449566364,4220.0,1599.30200195,223141.51517,0.860078155994,10529.6828379,4220.0,28992.0417576,2247.59375,0.144540786743,9566310,41905.9787402,-0.00990948467074,230194.339161,0.0191067043242,2213.91894531,0.675020515919,211,-0.0647111311555,0.303842343807,2266.89810427,1597.17700195,,329.963307862,-0.0375172160566,-10777.2330859
0.896537661552,4240.0,1621.77209473,223726.127824,0.882837831974,10537.8602224,4240.0,29189.3093288,2257.10107422,0.144527956843,9628055,20855.3139502,-0.00974304635757,242655.306161,0.0191067043242,2209.52197266,0.675053775311,212,0.0107238786295,0.303269998253,2270.76768868,1623.12255859,,329.848674785,0.0917324200273,-10807.5400391
0.894562780857,4260.0,1679.7322998,223846.053777,0.876977682114,10539.8910212,4260.0,29342.5278082,2277.47021484,0.144518867135,9675377,58500.6786572,-0.00967752931812,243368.256761,0.0191067043242,2237.62841797,0.675072014332,213,0.014232811518,0.30293659267,2271.21525822,1676.73376465,,329.739041682,0.00451988866553,-10940.2091992
0.884074747562,4280.0,1688.0057373,223954.990612,0.884119570255,10539.8845168,4280.0,29515.337785,2314.53662109,0.144511654973,9725833,39819.1306689,-0.00954871604911,253109.929693,0.0215299126758,2284.19897461,0.675087869167,214,-0.145184978843,0.302756549659,2272.39088785,1684.20556641,,329.517929656,-0.122411929071,-11017.4016602
0.916429817677,4300.0,1670.04174805,223833.533566,0.904578387737,10531.8516577,4300.0,29659.8491926,2390.97924805,0.144518360496,9775025,15043.6171045,-0.0103304583989,241974.114648,0.0215299126758,2357.94824219,0.675075471401,215,-0.220336258411,0.30340826285,2273.26162791,1664.52392578,,329.570960949,-0.130336329341,-11027.5588477
0.90549904108,4320.0,1651.13635254,223590.494568,0.898546814919,10527.2606835,4320.0,29786.6515868,2355.22314453,0.144520878792,9815585,50186.3507324,-0.0107845156787,242537.425134,0.0224041134654,2334.48583984,0.6750613451,216,-0.160191133618,0.303874512172,2272.12615741,1645.96337891,,329.529654295,-0.0599174685776,-10907.1445508
0.877790629864,4340.0,1665.25817871,223342.374539,0.898123323917,10525.7067239,4340.0,29898.3639848,2382.63061523,0.144508838654,9851542,22435.6366504,-0.010779316727,207071.235253,0.0224041134654,2353.04052734,0.675056219101,217,0.0708057805896,0.303749859659,2269.940553,1660.34484863,,329.501039087,0.0222657304257,-10871.837832
0.88707280159,4360.0,1673.08679199,223328.014091,0.887395381927,10527.5780654,4360.0,30028.9628057,2381.60449219,0.144500285387,9894140,19112.547627,-0.0107571906044,201259.523455,0.0224041134654,2369.23291016,0.675062000751,218,0.145735546947,0.303556962125,2269.29816514,1666.21643066,,329.486571481,-0.0371030531824,-10890.6092578
0.908099532127,4380.0,1667.07470703,223285.605122,0.89571762085,10528.4820628,4380.0,30154.7509742,2346.54345703,0.144501879811,9937366,18186.9068701,-0.0110836951947,194635.906147,0.0224041134654,2318.10351562,0.675054490566,219,-0.298204392195,0.303745547471,2268.80502283,1656.06713867,,329.545616494,-0.29136505723,-10972.8474219
0.848384678364,4400.0,1672.35144043,222974.692771,0.859107971191,10521.6527002,4400.0,30278.1855786,2337.86108398,0.144510090351,9976727,46972.8699512,-0.0115475270758,186044.538596,0.0224041134654,2309.16333008,0.675041913986,220,-0.208505734801,0.304241954721,2267.43795455,1669.42004395,,329.502141867,-0.139882609248,-10813.3326172
0.868899345398,4420.0,1674.578125,222769.615823,0.89192378521,10520.5573739,4420.0,30411.5455811,2340.32617188,0.144504547119,10014233,18183.5977637,-0.0115205458054,187307.654044,0.0211056883402,2303.55957031,0.675045907497,221,-0.0609658807516,0.304078285591,2265.66357466,1675.24316406,,329.29049835,0.00342662143521,-10754.7167578
0.893999218941,4440.0,1621.51525879,223050.906793,0.842293143272,10526.0673487,4440.0,30581.3616648,2347.65014648,0.14449685812,10066331,29795.0713574,-0.0115188517057,210401.206616,0.0224041134654,2313.53686523,0.675056219101,222,0.0188780426979,0.303708855595,2267.19166667,1622.07751465,,329.165558759,-0.0342433564365,-10754.6408789
0.86466473341,4460.0,1671.79150391,222951.108335,0.861540794373,10528.6478737,4460.0,30705.3230791,2309.63720703,0.144495218992,10105558,47105.1231055,-0.0115581876963,206518.017369,0.0224041134654,2272.10229492,0.675065159798,223,-0.0512463115156,0.303692189616,2265.82017937,1672.4465332,,329.114205181,0.0024187117815,-10753.5269141
0.894882261753,4480.0,1641.48474121,223095.464733,0.849495172501,10528.1942849,4480.0,30892.9738441,2337.72827148,0.144487187266,10160358,18138.0121533,-0.0114065800408,214767.315725,0.0224041134654,2302.75854492,0.675092041492,224,0.0644731596112,0.303139881298,2267.93705357,1642.41625977,,328.888958742,-0.0558525025845,-10769.980332
0.864750683308,4500.0,1677.60241699,223289.504294,0.852082371712,10534.4302613,4500.0,31076.2397685,2367.54541016,0.144472822547,10208663,57342.5621826,-0.0112438310491,237141.211297,0.0224041134654,2332.59790039,0.675114572048,225,-0.113699473441,0.302762506145,2268.59177778,1677.1060791,,328.503804709,-0.0171167161316,-10753.4260156
0.868133425713,4520.0,1708.19152832,223609.339187,0.877393305302,10543.6551682,4520.0,31242.2296433,2392.05712891,0.144465193152,10258104,17155.8187207,-0.0110898355096,260725.111899,0.0224041134654,2345.24926758,0.675144731998,226,0.0212607979774,0.302450280282,2269.4920354,1709.21838379,,328.340970446,0.0757168829441,-10843.1908789
0.891077935696,4540.0,1713.9362793,223669.129337,0.856523633003,10547.6907987,4540.0,31372.2324758,2441.63696289,0.144451007247,10300971,70943.2459863,-0.0110216986419,251118.210298,0.0224041134654,2409.63867188,0.67515027523,227,0.0257544573396,0.302231706043,2268.93634361,1714.12780762,,328.34676359,-0.0239668469876,-10593.7168359
0.88330000639,4560.0,1735.57299805,223538.12942,0.85579007864,10550.3833047,4560.0,31509.6516314,2390.33520508,0.144448146224,10337247,17995.1193799,-0.010841973675,249719.269813,0.0224041134654,2353.70361328,0.675162196159,228,0.0233506616205,0.302062408555,2266.94013158,1735.28344727,,328.066051664,0.0282320231199,-10826.5910352
0.864087164402,4580.0,1691.75134277,223567.579006,0.831725537777,10556.360142,4580.0,31650.1593225,2295.59082031,0.144444778562,10378537,26828.9040137,-0.0107561506607,244718.29843,0.0237824178999,2265.76416016,0.675186276436,229,0.0224492251873,0.301701096882,2266.05611354,1692.07580566,,327.914210297,0.00171079486609,-10984.2606641
0.865151286125,4600.0,1725.64318848,223575.157225,0.867978572845,10557.0475944,4600.0,31796.8139815,2289.61572266,0.144438609481,10424184,79604.5873584,-0.0107576485429,236429.539138,0.0237824178999,2264.32714844,0.675196528435,230,-0.0108019886538,0.301368997985,2266.12695652,1723.08325195,,327.837374086,0.0250521805137,-10864.197793
0.919246852398,4620.0,1714.59802246,223471.422546,0.889214456081,10559.2259458,4620.0,31923.037173,2403.046875,0.144432067871,10463538,49009.7972852,-0.0106548730399,217237.590367,0.025752950699,2376.24633789,0.675201296806,231,0.0790657997131,0.301098192677,2264.83506494,1715.52880859,,327.773887656,0.0138650340959,-10911.1986328
0.893264055252,4640.0,1770.06396484,223435.275811,0.873433768749,10551.9362545,4640.0,32072.037519,2358.15039062,0.144446492195,10516912,13125.925415,-0.0108063962956,212818.325754,0.0211056883402,2327.33374023,0.675189256668,232,-0.112233527005,0.30122716804,2266.57586207,1769.56945801,,327.915306091,0.0152346901596,-10726.1366406
0.841619551182,4660.0,1787.2166748,223637.251584,0.859273195267,10560.304761,4660.0,32208.9919515,2345.87255859,0.144442170858,10562633,15415.2206299,-0.0107757868397,228157.222263,0.0211056883402,2312.26806641,0.675207614899,233,0.0914852321148,0.300854689218,2266.65944206,1786.29162598,,327.940502327,-0.0599095709622,-10818.4077734
0.814489841461,4680.0,1788.37927246,223424.06177,0.845174908638,10558.3258404,4680.0,32339.2192698,2375.03955078,0.144443631172,10601063,18367.1363379,-0.0107172508928,216850.972375,0.0211056883402,2347.57543945,0.675201833248,234,-0.292215913534,0.301056486964,2265.18440171,1785.86657715,,327.80825386,-0.177934467793,-10917.7748633
0.863585829735,4700.0,1742.91943359,223094.048958,0.857389330864,10556.517517,4700.0,32453.0003331,2319.56689453,0.144442647696,10633338,16424.7833911,-0.0108466701868,200963.068665,0.0211056883402,2291.39599609,0.675203859806,235,0.145685747266,0.30113530519,2262.41234043,1738.17089844,,327.65346473,0.0706772878766,-10651.2299805
0.789213061333,4720.0,1800.13964844,223171.289173,0.807094931602,10560.8180297,4720.0,32599.8692067,2358.89135742,0.144435957074,10676672,15489.1730811,-0.0108869088122,209305.127336,0.0211056883402,2330.76708984,0.675215244293,236,-0.377176642418,0.301036242413,2262.00677966,1797.5625,,327.506590051,-0.297188907862,-10769.5256641
0.897942483425,4740.0,1768.62585449,222826.775754,0.879035174847,10548.3240579,4740.0,32740.9081316,2371.31982422,0.144456475973,10720934,78706.5958301,-0.0107254732383,194592.373103,0.0211056883402,2338.375,0.67518311739,237,0.0972126200795,0.302129045382,2261.80042194,1769.20068359,,327.447667515,0.0279851797968,-10626.8561328
0.878489494324,4760.0,1806.83752441,223033.128331,0.874434947968,10556.8307038,4760.0,32887.3004785,2300.97070312,0.14445656538,10767912,14811.6758984,-0.0105418014634,194880.984732,0.0211056883402,2264.24316406,0.675211966038,238,0.0885100290179,0.301835925099,2262.16638655,1805.62353516,,327.418542822,0.0269491430372,-10812.487793
0.89895015955,4780.0,1795.1550293,223655.06251,0.885393917561,10566.5426147,4780.0,33103.1970415,2308.62524414,0.144447401166,10831953,20314.7322656,-0.0103413175645,234465.89712,0.0211056883402,2273.10693359,0.675251543522,239,-0.0809226557612,0.301293941118,2266.09895397,1791.52880859,,327.217730252,-0.135403260589,-10978.8320898
0.856941878796,4800.0,1778.12475586,223336.627801,0.827483713627,10561.2854625,4800.0,33212.2692437,2292.85302734,0.144452020526,10868801,24709.1376758,-0.0107098738001,234737.833439,0.0211056883402,2267.34375,0.675232112408,240,-0.167393624783,0.301563727719,2264.33354167,1770.60705566,,327.252586092,-0.280325889587,-10906.8052734
0.879125058651,4820.0,1770.29406738,222859.034712,0.84108620882,10551.2947134,4820.0,33331.1279685,2266.87280273,0.144467398524,10903298,73747.4246191,-0.011451542211,208120.624165,0.0211056883402,2226.42553711,0.675210773945,241,-0.035556871444,0.302374572427,2262.09502075,1766.04125977,,327.120582606,0.0346036441624,-10779.2567383
0.907867848873,4840.0,1734.62084961,222781.723509,0.870808124542,10553.1093962,4840.0,33464.69943,2266.34790039,0.144468694925,10942890,104075.431621,-0.0113234545649,220646.247107,0.0211056883402,2234.77246094,0.675220549107,242,-0.0140568176284,0.302269100533,2260.92768595,1731.0291748,,326.998006448,0.103381246328,-10887.0071289
0.896257042885,4860.0,1728.82397461,222986.224274,0.870378851891,10557.1415646,4860.0,33631.0174625,2262.51831055,0.14447119832,10994649,16833.7632373,-0.0111515791149,220753.59118,0.0202821516517,2228.00195312,0.675248503685,243,-0.030260682106,0.301912376687,2262.27345679,1725.24853516,,326.919903992,0.0145636787638,-10796.1807422
0.883638083935,4880.0,1730.68933105,223202.448869,0.854067802429,10562.5081926,4880.0,33780.6241965,2239.68212891,0.144467517734,11044504,27317.1482959,-0.011209483775,201567.516839,0.0202821516517,2186.67871094,0.675266087055,244,0.08132032305,0.301803580558,2263.21803279,1731.32055664,,326.947895804,0.137248337269,-10825.3171094
0.889568030834,4900.0,1741.28613281,223288.976018,0.876356720924,10566.0260892,4900.0,33932.6932392,2285.42822266,0.144466429949,11091445,14762.6024268,-0.0112474763923,221001.690401,0.0202821516517,2243.27368164,0.675283253193,245,0.111057035625,0.301705941591,2263.56020408,1740.99572754,,326.866038066,0.0985634326935,-10875.9689258
0.897674262524,4920.0,1741.35437012,223255.865065,0.853857040405,10566.6071037,4920.0,34585.5635633,2341.54492188,0.144455611706,11134182,84489.5258984,-0.011152471185,242383.088059,0.0202821516517,2315.13916016,0.675279378891,246,0.0284349080175,0.301611152628,2263.04512195,1740.32336426,,321.931489698,-0.114602707326,-10922.5085352
0.920332312584,4940.0,1727.20458984,223185.50611,0.860908389091,10568.4585142,4940.0,34732.3596458,2330.21679688,0.144444867969,11174343,14410.0001807,-0.0109889682845,242728.583967,0.0202821516517,2285.39208984,0.675287306309,247,0.0766294375062,0.301386463816,2262.01275304,1727.06530762,,321.72714765,0.060078125447,-10928.6727344
